CREATE DATABASE  IF NOT EXISTS `nhl` /*!40100 DEFAULT CHARACTER SET utf8 COLLATE utf8_unicode_ci */;
USE `nhl`;
-- MySQL dump 10.13  Distrib 5.7.9, for Win64 (x86_64)
--
-- Host: 127.0.0.1    Database: nhl
-- ------------------------------------------------------
-- Server version	5.7.12-log

/*!40101 SET @OLD_CHARACTER_SET_CLIENT=@@CHARACTER_SET_CLIENT */;
/*!40101 SET @OLD_CHARACTER_SET_RESULTS=@@CHARACTER_SET_RESULTS */;
/*!40101 SET @OLD_COLLATION_CONNECTION=@@COLLATION_CONNECTION */;
/*!40101 SET NAMES utf8 */;
/*!40103 SET @OLD_TIME_ZONE=@@TIME_ZONE */;
/*!40103 SET TIME_ZONE='+00:00' */;
/*!40014 SET @OLD_UNIQUE_CHECKS=@@UNIQUE_CHECKS, UNIQUE_CHECKS=0 */;
/*!40014 SET @OLD_FOREIGN_KEY_CHECKS=@@FOREIGN_KEY_CHECKS, FOREIGN_KEY_CHECKS=0 */;
/*!40101 SET @OLD_SQL_MODE=@@SQL_MODE, SQL_MODE='NO_AUTO_VALUE_ON_ZERO' */;
/*!40111 SET @OLD_SQL_NOTES=@@SQL_NOTES, SQL_NOTES=0 */;

--
-- Table structure for table `player_physics`
--

DROP TABLE IF EXISTS `player_physics`;
/*!40101 SET @saved_cs_client     = @@character_set_client */;
/*!40101 SET character_set_client = utf8 */;
CREATE TABLE `player_physics` (
  `id_player` int(10) unsigned NOT NULL,
  `player_height` int(10) unsigned NOT NULL,
  `player_weight` int(10) unsigned NOT NULL,
  `player_stickside` varchar(3) COLLATE utf8_unicode_ci NOT NULL,
  UNIQUE KEY `id_player_UNIQUE` (`id_player`)
) ENGINE=InnoDB DEFAULT CHARSET=utf8 COLLATE=utf8_unicode_ci;
/*!40101 SET character_set_client = @saved_cs_client */;

--
-- Dumping data for table `player_physics`
--

LOCK TABLES `player_physics` WRITE;
/*!40000 ALTER TABLE `player_physics` DISABLE KEYS */;
INSERT INTO `player_physics` VALUES (1,74,218,'L'),(2,70,208,'R'),(3,72,202,'L'),(4,70,187,'L'),(5,74,214,'L'),(6,75,221,'R'),(7,74,211,'L'),(8,73,203,'L'),(9,70,187,'L'),(10,73,214,'L'),(11,76,198,'L'),(12,70,176,'R'),(13,68,174,'R'),(14,75,205,'R'),(15,69,180,'R'),(16,74,192,'L'),(17,68,180,'R'),(18,75,221,'R'),(19,73,199,'L'),(20,73,213,'L'),(21,71,190,'L'),(22,73,210,'L'),(23,75,210,'R'),(24,73,207,'L'),(25,75,213,'L'),(26,70,190,'R'),(27,73,196,'L'),(28,72,215,'L'),(29,72,205,'R'),(30,74,209,'R'),(31,75,210,'R'),(32,73,208,'L'),(33,74,205,'L'),(34,74,203,'R'),(35,72,203,'L'),(36,72,198,'L'),(37,74,210,'L'),(38,74,200,'L'),(39,74,195,'R'),(40,73,186,'L'),(41,71,191,'L'),(42,73,195,'R'),(43,75,217,'L'),(44,75,220,'R'),(45,70,189,'R'),(46,76,223,'L'),(47,70,187,'R'),(48,73,200,'R'),(49,73,190,'L'),(50,73,210,'L'),(51,72,177,'R'),(52,78,218,'R'),(53,72,200,'L'),(54,76,217,'R'),(55,71,196,'L'),(56,72,211,'L'),(57,75,219,'R'),(58,75,209,'R'),(59,72,184,'R'),(60,74,220,'L'),(61,73,196,'L'),(62,74,205,'L'),(63,76,215,'R'),(64,70,195,'L'),(65,72,227,'L'),(66,74,208,'L'),(67,70,206,'L'),(68,74,217,'L'),(69,76,212,'L'),(70,74,227,'R'),(71,72,199,'R'),(72,79,243,'L'),(73,71,194,'R'),(74,73,196,'R'),(75,73,205,'L'),(76,74,205,'R'),(77,73,216,'L'),(78,72,203,'L'),(79,73,182,'L'),(80,73,195,'L'),(81,74,212,'R'),(82,75,213,'R'),(83,74,215,'R'),(84,71,183,'R'),(85,72,206,'R'),(86,70,175,'R'),(87,71,205,'R'),(88,73,210,'R'),(89,76,212,'R'),(90,75,198,'L'),(91,73,180,'L'),(92,77,230,'R'),(93,73,188,'L'),(94,73,196,'L'),(95,77,260,'R'),(96,68,158,'L'),(97,70,186,'R'),(98,71,192,'L'),(99,69,185,'L'),(100,76,206,'L'),(101,70,192,'L'),(102,72,197,'L'),(103,72,190,'L'),(104,72,197,'L'),(105,75,215,'R'),(106,75,204,'L'),(107,73,180,'R'),(108,72,191,'L'),(109,71,193,'R'),(110,72,188,'R'),(111,74,186,'L'),(112,76,215,'R'),(113,73,202,'L'),(114,69,191,'L'),(115,75,205,'R'),(116,74,204,'L'),(117,81,250,'L'),(118,75,219,'L'),(119,75,208,'R'),(120,75,216,'L'),(121,74,203,'L'),(122,73,190,'L'),(123,71,201,'L'),(124,73,205,'L'),(125,72,207,'R'),(126,72,190,'R'),(127,74,206,'L'),(128,70,207,'L'),(129,71,218,'R'),(130,77,226,'L'),(131,70,184,'L'),(132,73,202,'L'),(133,77,221,'L'),(134,73,219,'L'),(135,73,198,'L'),(136,73,202,'R'),(137,71,183,'R'),(138,74,205,'L'),(139,74,193,'R'),(140,73,206,'L'),(141,74,215,'L'),(142,72,195,'R'),(143,70,188,'L'),(144,73,200,'L'),(145,75,211,'L'),(146,77,238,'L'),(147,75,218,'R'),(148,74,210,'R'),(149,71,200,'L'),(150,75,205,'L'),(151,73,200,'L'),(152,70,184,'R'),(153,75,207,'L'),(154,71,195,'L'),(155,74,200,'R'),(156,72,201,'L'),(157,71,183,'L'),(158,71,194,'L'),(159,72,180,'L'),(160,74,210,'L'),(161,73,197,'L'),(162,75,214,'L'),(163,69,185,'L'),(164,75,191,'L'),(165,72,195,'L'),(166,73,195,'R'),(167,73,200,'R'),(168,67,174,'L'),(169,73,195,'L'),(170,73,212,'L'),(171,76,218,'L'),(172,72,200,'L'),(173,74,200,'L'),(174,73,201,'R'),(175,76,225,'L'),(176,73,223,'R'),(177,70,198,'L'),(178,72,180,'R'),(179,72,192,'R'),(180,73,195,'R'),(181,73,175,'R'),(182,71,191,'R'),(183,73,214,'L'),(184,71,188,'L'),(185,74,216,'L'),(186,71,200,'L'),(187,71,185,'L'),(188,72,193,'R'),(189,76,207,'L'),(190,73,205,'L'),(191,72,190,'L'),(192,75,224,'L'),(193,72,190,'L'),(194,72,200,'R'),(195,71,181,'R'),(196,75,215,'L'),(197,76,207,'L'),(198,72,172,'L'),(199,74,201,'L'),(200,74,201,'R'),(201,76,216,'R'),(202,76,215,'L'),(203,74,200,'L'),(204,73,190,'L'),(205,74,207,'L'),(206,73,190,'R'),(207,73,211,'R'),(208,70,180,'R'),(209,72,195,'L'),(210,74,216,'L'),(211,74,214,'R'),(212,69,160,'L'),(213,70,180,'L'),(214,76,220,'L'),(215,74,183,'L'),(216,73,212,'L'),(217,76,205,'L'),(218,70,180,'L'),(219,75,210,'L'),(220,77,224,'L'),(221,70,190,'L'),(222,74,216,'R'),(223,72,188,'R'),(224,72,215,'R'),(225,75,212,'R'),(226,72,200,'R'),(227,76,212,'R'),(228,71,182,'L'),(229,74,208,'L'),(230,72,186,'R'),(231,70,193,'L'),(232,71,205,'L'),(233,72,196,'L'),(234,73,216,'R'),(235,73,192,'L'),(236,73,183,'R'),(237,75,226,'L'),(238,72,210,'L'),(239,75,214,'R'),(240,70,174,'R'),(241,76,212,'L'),(242,73,205,'R'),(243,73,207,'L'),(244,77,234,'R'),(245,76,232,'L'),(246,71,200,'R'),(247,69,186,'L'),(248,72,199,'R'),(249,73,194,'L'),(250,73,205,'L'),(251,76,212,'R'),(252,71,202,'R'),(253,73,207,'L'),(254,73,187,'R'),(255,69,184,'R'),(256,72,195,'L'),(257,74,197,'L'),(258,74,223,'L'),(259,75,205,'L'),(260,69,157,'L'),(261,74,207,'L'),(262,77,227,'L'),(263,77,238,'L'),(264,76,225,'L'),(265,76,215,'L'),(266,65,178,'L'),(267,76,221,'R'),(268,74,202,'R'),(269,67,178,'R'),(270,67,175,'R'),(271,72,198,'L'),(272,73,208,'R'),(273,73,203,'L'),(274,71,185,'R'),(275,73,213,'L'),(276,71,194,'R'),(277,71,180,'L'),(278,71,185,'L'),(279,73,201,'R'),(280,71,200,'L'),(281,74,215,'L'),(282,72,200,'R'),(283,73,203,'L'),(284,74,196,'L'),(285,71,180,'L'),(286,69,167,'L'),(287,73,181,'L'),(288,71,186,'L'),(289,75,205,'L'),(290,75,200,'R'),(291,72,178,'L'),(292,70,184,'L'),(293,76,205,'R'),(294,75,202,'L'),(295,77,212,'L'),(296,76,185,'L'),(297,73,207,'R'),(298,71,190,'L'),(299,75,229,'R'),(300,74,210,'L'),(301,77,200,'R'),(302,69,191,'R'),(303,75,209,'L'),(304,66,180,'R'),(305,76,230,'L'),(306,76,228,'R'),(307,72,204,'R'),(308,77,216,'R'),(309,75,207,'R'),(310,74,196,'L'),(311,72,176,'L'),(312,71,186,'L'),(313,75,210,'L'),(314,70,205,'L'),(315,72,180,'R'),(316,73,201,'L'),(317,73,209,'L'),(318,78,210,'R'),(319,73,195,'R'),(320,74,205,'R'),(321,75,206,'L'),(322,72,193,'L'),(323,74,189,'L'),(324,73,195,'R'),(325,78,226,'L'),(326,78,222,'L'),(327,74,216,'L'),(328,71,191,'R'),(329,74,214,'L'),(330,74,208,'R'),(331,72,193,'L'),(332,74,210,'L'),(333,77,215,'R'),(334,77,227,'L'),(335,78,223,'L'),(336,76,210,'L'),(337,72,196,'L'),(338,72,185,'R'),(339,72,207,'L'),(340,72,195,'L'),(341,74,210,'L'),(342,72,189,'L'),(343,72,205,'L'),(344,69,158,'R'),(345,75,197,'L'),(346,72,191,'R'),(347,73,180,'L'),(348,76,210,'L'),(349,74,201,'L'),(350,72,194,'R'),(351,75,215,'R'),(352,73,210,'L'),(353,71,189,'R'),(354,72,206,'L'),(355,73,207,'L'),(356,74,189,'L'),(357,74,205,'R'),(358,73,188,'L'),(359,70,183,'L'),(360,70,195,'L'),(361,69,187,'L'),(362,71,191,'L'),(363,74,183,'L'),(364,72,202,'R'),(365,73,210,'R'),(366,73,207,'L'),(367,72,203,'L'),(368,74,225,'R'),(369,75,230,'L'),(370,73,195,'L'),(371,71,186,'R'),(372,74,217,'L'),(373,73,205,'L'),(374,74,215,'L'),(375,75,218,'R'),(376,73,209,'L'),(377,76,225,'R'),(378,76,232,'R'),(379,73,230,'L'),(380,68,185,'R'),(381,77,232,'L'),(382,70,180,'R'),(383,71,198,'L'),(384,75,215,'L'),(385,75,208,'R'),(386,76,208,'R'),(387,73,187,'R'),(388,73,195,'L'),(389,72,190,'L'),(390,73,201,'L'),(391,73,203,'L'),(392,72,192,'L'),(393,75,200,'L'),(394,71,192,'R'),(395,74,204,'L'),(396,71,177,'L'),(397,72,178,'R'),(398,72,191,'R'),(399,72,180,'R'),(400,73,188,'L'),(401,75,217,'R'),(402,72,200,'L'),(403,73,192,'L'),(404,72,193,'L'),(405,75,223,'L'),(406,72,201,'L'),(407,71,185,'R'),(408,73,170,'L'),(409,72,185,'L'),(410,74,202,'R'),(411,72,202,'R'),(412,75,214,'L'),(413,70,181,'L'),(414,74,198,'L'),(415,75,199,'L'),(416,76,232,'L'),(417,75,215,'L'),(418,73,202,'R'),(419,74,180,'R'),(420,75,214,'L'),(421,74,195,'R'),(422,74,198,'L'),(423,75,215,'L'),(424,71,211,'L'),(425,75,224,'L'),(426,73,193,'L'),(427,71,185,'R'),(428,73,210,'R'),(429,75,226,'L'),(430,72,186,'R'),(431,72,194,'L'),(432,69,186,'L'),(433,72,186,'L'),(434,71,178,'L'),(435,74,196,'L'),(436,74,198,'L'),(437,74,187,'L'),(438,73,225,'L'),(439,73,204,'L'),(440,72,195,'L'),(441,72,192,'L'),(442,72,183,'L'),(443,75,200,'L'),(444,74,200,'L'),(445,72,184,'L'),(446,73,210,'L'),(447,73,190,'L'),(448,75,205,'R'),(449,71,200,'L'),(450,72,207,'R'),(451,73,190,'L'),(452,72,209,'R'),(453,76,215,'L'),(454,72,199,'L'),(455,75,228,'L'),(456,74,207,'L'),(457,74,210,'L'),(458,70,174,'L'),(459,69,165,'L'),(460,73,204,'R'),(461,70,175,'L'),(462,76,213,'R'),(463,73,212,'L'),(464,72,201,'R'),(465,70,197,'R'),(466,73,199,'R'),(467,70,185,'L'),(468,73,195,'L'),(469,75,217,'L'),(470,75,198,'L'),(471,75,215,'L'),(472,73,192,'R'),(473,75,205,'L'),(474,72,183,'R'),(475,72,191,'R'),(476,73,212,'L'),(477,73,206,'R'),(478,77,210,'L'),(479,75,233,'L'),(480,73,211,'R'),(481,74,206,'L'),(482,72,195,'L'),(483,73,204,'L'),(484,71,181,'L'),(485,72,195,'R'),(486,75,195,'L'),(487,74,207,'L'),(488,73,205,'L'),(489,75,215,'R'),(490,77,214,'L'),(491,69,181,'L'),(492,75,210,'R'),(493,69,174,'R'),(494,76,201,'L'),(495,72,194,'L'),(496,74,220,'L'),(497,75,230,'L'),(498,75,220,'L'),(499,73,200,'L'),(500,73,210,'L'),(501,72,202,'L'),(502,75,220,'L'),(503,76,212,'L'),(504,74,192,'L'),(505,74,220,'L'),(506,76,231,'L'),(507,76,224,'R'),(508,73,193,'R'),(509,72,214,'L'),(510,72,179,'L'),(511,78,231,'R'),(512,73,195,'L'),(513,73,205,'L'),(514,71,188,'L'),(515,73,190,'L'),(516,73,216,'L'),(517,74,219,'R'),(518,72,211,'R'),(519,72,185,'L'),(520,73,205,'L'),(521,75,205,'L'),(522,77,220,'R'),(523,72,191,'L'),(524,74,205,'L'),(525,74,210,'L'),(526,76,216,'L'),(527,74,214,'R'),(528,76,212,'R'),(529,75,187,'L'),(530,73,195,'R'),(531,77,214,'L'),(532,75,205,'L'),(533,74,218,'L'),(534,75,228,'L'),(535,74,227,'L'),(536,74,210,'R'),(537,73,205,'L'),(538,70,181,'R'),(539,73,196,'R'),(540,74,180,'L'),(541,73,205,'L'),(542,74,210,'R'),(543,73,204,'L'),(544,71,191,'R'),(545,75,210,'L'),(546,74,215,'L'),(547,75,195,'L'),(548,72,192,'L'),(549,75,210,'L'),(550,72,195,'L'),(551,72,199,'L'),(552,72,188,'L'),(553,73,212,'L'),(554,75,200,'R'),(555,75,205,'L'),(556,76,212,'R'),(557,71,185,'R'),(558,73,208,'L'),(559,75,216,'L'),(560,80,229,'R'),(561,74,212,''),(562,71,180,'L'),(563,76,220,'L'),(564,73,200,'R'),(565,74,221,'L'),(566,73,206,'R'),(567,75,206,'L'),(568,74,183,'R'),(569,75,230,'L'),(570,70,187,'L'),(571,71,191,'L'),(572,75,200,'L'),(573,76,205,'L'),(574,74,211,'L'),(575,73,188,'L'),(576,71,190,'L'),(577,76,217,'L'),(578,72,200,'R'),(579,73,205,'R'),(580,75,219,'L'),(581,73,189,'L'),(582,75,210,'L'),(583,72,189,'L'),(584,76,213,'L'),(585,71,190,'R'),(586,71,183,'L'),(587,73,200,'L'),(588,75,195,'R'),(589,69,175,'L'),(590,72,191,'L'),(591,73,210,'L'),(592,72,195,'L'),(593,72,182,'L'),(594,72,217,'R'),(595,79,260,'L'),(596,75,197,'L'),(597,74,223,'L'),(598,72,212,'L'),(599,74,221,'L'),(600,71,189,'R'),(601,72,189,'L'),(602,73,200,'L'),(603,75,239,'R'),(604,75,208,'L'),(605,74,213,'L'),(606,70,180,'R'),(607,73,200,'L'),(608,73,215,'R'),(609,72,188,'L'),(610,76,212,'R'),(611,70,185,'R'),(612,71,170,'R'),(613,73,208,'L'),(614,73,199,'L'),(615,78,226,'R'),(616,76,227,'L'),(617,72,200,'R'),(618,71,196,'L'),(619,72,181,'R'),(620,74,223,'R'),(621,76,230,'L'),(622,71,190,'R'),(623,73,208,'L'),(624,77,213,'L'),(625,75,210,'L'),(626,75,235,'R'),(627,73,187,'L'),(628,70,188,'L'),(629,72,200,'R'),(630,75,210,'R'),(631,75,200,'R'),(632,69,179,'L'),(633,76,206,'R'),(634,75,204,'R'),(635,75,227,'L'),(636,71,200,'L'),(637,75,210,'R'),(638,72,183,'L'),(639,71,195,'L'),(640,74,202,'L'),(641,74,196,'L'),(642,72,237,'R'),(643,72,184,'R'),(644,73,206,'L'),(645,71,191,'L'),(646,75,195,'R'),(647,75,204,'R'),(648,75,200,'L'),(649,72,208,'L'),(650,71,185,'L'),(651,74,202,'R'),(652,75,230,'R'),(653,72,195,'L'),(654,74,204,'L'),(655,71,183,'R'),(656,74,215,'R'),(657,74,195,'R'),(658,73,200,'R'),(659,74,216,'L'),(660,72,200,'L'),(661,72,200,'L'),(662,74,201,'R'),(663,72,200,'R'),(664,73,198,'R'),(665,76,211,'L'),(666,74,200,'L'),(667,75,205,'L'),(668,72,178,'R'),(669,68,178,'L'),(670,73,179,'L'),(671,70,185,'R'),(672,73,224,'R'),(673,74,205,'R'),(674,71,189,'R'),(675,74,191,'L'),(676,76,212,'L'),(677,73,189,'R'),(678,74,200,'R'),(679,72,179,'L'),(680,72,199,'L'),(681,71,196,'L'),(682,72,197,'L'),(683,71,185,'L'),(684,73,214,'L'),(685,70,188,'L'),(686,76,207,'R'),(687,75,220,'R'),(688,74,232,'L'),(689,78,232,'R'),(690,71,174,'R'),(691,72,200,'L'),(692,73,210,'R'),(693,71,191,'R'),(694,74,187,'R'),(695,70,170,'L'),(696,71,192,'R'),(697,72,200,'L'),(698,74,209,'R'),(699,71,170,'R'),(700,73,213,'L'),(701,73,202,'L'),(702,71,203,'L'),(703,74,194,'L'),(704,74,207,'R'),(705,72,189,'R'),(706,74,227,'R'),(707,74,198,'L'),(708,75,211,'L'),(709,72,195,'R'),(710,74,219,'L'),(711,75,207,'R'),(712,73,195,'L'),(713,74,229,'R'),(714,72,190,'L'),(715,72,191,'L'),(716,73,198,'L'),(717,69,184,'R'),(718,78,217,'L'),(719,74,193,'R'),(720,73,203,'L'),(721,70,190,'L'),(722,80,260,'L'),(723,73,212,'L'),(724,75,220,'R'),(725,73,187,'L'),(726,74,188,'L'),(727,73,200,'R'),(728,72,198,'L'),(729,73,185,'L'),(730,72,198,'L'),(731,74,208,'L'),(732,74,211,'R'),(733,77,228,'L'),(734,74,205,'R'),(735,72,186,'L'),(736,73,195,'R'),(737,72,202,'R'),(738,71,179,'R'),(739,75,202,'R'),(740,75,222,'L'),(741,68,175,'L'),(742,70,181,'L'),(743,73,205,'L'),(744,75,205,'R'),(745,73,194,'R'),(746,73,205,'L'),(747,74,196,'R'),(748,72,202,'L'),(749,74,185,'R'),(750,71,176,'L'),(751,71,190,'R'),(752,73,200,'R'),(753,73,216,'R'),(754,71,200,'L'),(755,75,206,'L'),(756,74,205,'L'),(757,74,187,'R'),(758,76,210,'L'),(759,71,198,'R'),(760,74,211,'L'),(761,73,208,'R'),(762,72,185,'L'),(763,74,209,'L'),(764,72,214,'R'),(765,75,216,'L'),(766,71,186,'L'),(767,73,198,'L'),(768,75,220,'R'),(769,70,184,'L'),(770,72,180,'R'),(771,69,176,'R'),(772,76,205,'L'),(773,76,220,'L'),(774,76,207,'L'),(775,74,214,'R'),(776,73,195,'L'),(777,75,209,'L'),(778,73,194,'R'),(779,74,196,'L'),(780,72,205,'L'),(781,71,212,'L'),(782,71,195,'R'),(783,72,196,'R'),(784,71,190,'L'),(785,74,231,'R'),(786,73,216,'R'),(787,75,205,'R'),(788,75,210,'R'),(789,76,216,'L'),(790,75,210,'R'),(791,73,206,'L'),(792,71,190,'R'),(793,71,185,'L'),(794,71,191,'L'),(795,73,199,'R'),(796,74,215,'L'),(797,74,215,'L'),(798,72,210,'R'),(799,74,209,'L'),(800,75,209,'R'),(801,79,220,'R'),(802,74,206,'L'),(803,75,190,'R'),(804,77,203,'R'),(805,80,238,'L'),(806,71,186,'L'),(807,72,180,'L'),(808,74,185,'R'),(809,76,221,'L'),(810,73,194,'L'),(811,70,182,'L'),(812,72,219,'L'),(813,70,185,'L'),(814,73,211,'L'),(815,74,205,'R'),(816,71,178,'L'),(817,70,195,'L'),(818,74,195,'L'),(819,69,175,'R'),(820,72,212,'L'),(821,73,200,'R'),(822,75,235,'R'),(823,76,220,'L'),(824,74,217,'R'),(825,72,195,'L'),(826,74,189,'R'),(827,78,230,'L'),(828,72,205,'L'),(829,74,201,'L'),(830,73,200,'R'),(831,68,170,'L'),(832,69,195,'R'),(833,70,182,'R'),(834,75,217,'R'),(835,75,202,'R'),(836,79,228,'L'),(837,73,190,'R'),(838,74,221,'L'),(839,74,214,'L'),(840,72,200,'L'),(841,74,214,'L'),(842,75,209,'L'),(843,74,188,'R'),(844,74,190,'L'),(845,74,214,'R'),(846,70,193,'L'),(847,70,183,'R'),(848,69,201,'L'),(849,73,198,'L'),(850,71,192,'L'),(851,71,176,'R'),(852,72,189,'R'),(853,73,208,'R'),(854,71,205,'R'),(855,73,205,'L'),(856,74,214,'L'),(857,73,194,'R'),(858,72,195,'R'),(859,73,226,'R'),(860,69,170,'L'),(861,76,204,'R'),(862,70,179,'R'),(863,74,217,'L'),(864,76,236,'R'),(865,71,200,'R'),(866,74,206,'R'),(867,75,210,'L'),(868,73,197,'L'),(869,77,225,'R'),(870,72,200,'R'),(871,70,180,'R'),(872,72,202,'R'),(873,77,202,'L'),(874,73,186,'R'),(875,73,221,'L'),(876,74,199,'L'),(877,71,183,'L'),(878,76,215,'R'),(879,72,200,'R'),(880,74,203,'L'),(881,71,203,'R'),(882,74,200,'R'),(883,73,160,'L'),(884,76,210,'L'),(885,74,207,'L'),(886,71,195,'L'),(887,73,196,'L'),(888,75,210,'L'),(889,77,220,'L'),(890,74,185,'R'),(891,74,205,'L'),(892,72,195,'L'),(893,74,222,'R'),(894,71,190,'R'),(895,71,180,'L'),(896,77,225,'L'),(897,67,179,'L'),(898,71,185,'L');
/*!40000 ALTER TABLE `player_physics` ENABLE KEYS */;
UNLOCK TABLES;

--
-- Table structure for table `player_stats`
--

DROP TABLE IF EXISTS `player_stats`;
/*!40101 SET @saved_cs_client     = @@character_set_client */;
/*!40101 SET character_set_client = utf8 */;
CREATE TABLE `player_stats` (
  `id_player` int(11) unsigned NOT NULL,
  `GP` int(11) DEFAULT NULL,
  `G` int(11) DEFAULT NULL,
  `A` int(11) DEFAULT NULL,
  `A1` int(11) DEFAULT NULL,
  `PTS` int(11) DEFAULT NULL,
  `plus_minus` int(11) DEFAULT NULL,
  UNIQUE KEY `id_player_UNIQUE` (`id_player`),
  CONSTRAINT `nhl.player_stats.id_player` FOREIGN KEY (`id_player`) REFERENCES `players` (`id_player`) ON DELETE NO ACTION ON UPDATE NO ACTION
) ENGINE=InnoDB DEFAULT CHARSET=utf8 COLLATE=utf8_unicode_ci;
/*!40101 SET character_set_client = @saved_cs_client */;

--
-- Dumping data for table `player_stats`
--

LOCK TABLES `player_stats` WRITE;
/*!40000 ALTER TABLE `player_stats` DISABLE KEYS */;
INSERT INTO `player_stats` VALUES (1,82,19,23,17,42,-16),(2,19,0,1,1,1,-4),(3,2,0,0,0,0,-2),(4,9,0,2,0,2,-1),(5,82,4,17,8,21,14),(6,12,1,3,0,4,0),(7,29,1,2,1,3,1),(8,60,8,2,2,10,1),(9,44,7,10,5,17,1),(10,4,1,0,0,1,2),(11,77,20,22,9,42,8),(12,1,0,0,0,0,0),(13,20,3,1,0,4,0),(14,43,4,6,3,10,2),(15,56,8,8,5,16,-8),(16,37,9,5,2,14,1),(17,81,27,26,19,53,-8),(18,79,21,24,17,45,4),(19,82,21,26,17,47,10),(20,75,20,50,29,70,17),(21,69,15,13,8,28,-14),(22,81,12,20,11,32,-7),(23,8,0,0,0,0,-2),(24,30,2,8,2,10,0),(25,66,28,31,19,59,18),(26,78,13,36,20,49,-16),(27,80,6,12,5,18,-19),(28,10,0,0,0,0,2),(29,17,0,0,0,0,-1),(30,2,0,0,0,0,-2),(31,57,8,9,5,17,0),(32,82,8,26,6,34,-7),(33,64,2,17,8,19,-6),(34,2,0,0,0,0,0),(35,80,15,22,11,37,6),(36,74,7,7,6,14,-8),(37,82,41,48,26,89,7),(38,64,3,9,6,12,2),(39,33,6,6,1,12,-1),(40,77,18,18,12,36,-11),(41,2,0,0,0,0,1),(42,80,32,36,16,68,12),(43,42,10,5,2,15,1),(44,24,1,5,1,6,3),(45,3,0,0,0,0,0),(46,25,0,2,1,2,-5),(47,51,0,7,3,7,-11),(48,71,4,11,7,15,-7),(49,31,1,2,0,3,-2),(50,28,1,5,1,6,0),(51,12,4,4,2,8,6),(52,67,15,19,14,34,-8),(53,41,5,12,9,17,-14),(54,20,3,2,2,5,3),(55,37,0,4,3,4,-7),(56,80,17,34,21,51,-33),(57,64,7,17,6,24,-11),(58,30,1,2,1,3,-3),(59,25,1,4,2,5,-2),(60,54,2,2,0,4,-10),(61,63,9,20,12,29,13),(62,63,1,1,1,2,-4),(63,40,2,1,0,3,2),(64,39,8,11,7,19,-13),(65,6,0,0,0,0,-3),(66,44,2,5,3,7,-6),(67,22,1,3,2,4,0),(68,49,3,5,1,8,-9),(69,72,3,16,7,19,-4),(70,70,9,16,8,25,17),(71,60,8,16,9,24,-6),(72,76,13,7,4,20,-7),(73,74,10,14,7,24,0),(74,57,12,23,12,35,-9),(75,80,27,31,18,58,12),(76,80,4,19,11,23,11),(77,7,1,0,0,1,-6),(78,23,1,4,4,5,1),(79,70,6,39,16,45,4),(80,68,2,5,3,7,-5),(81,76,7,4,2,11,-1),(82,82,18,21,10,39,2),(83,1,0,0,0,0,0),(84,7,1,5,3,6,-2),(85,82,11,17,10,28,-5),(86,78,8,14,10,22,16),(87,58,2,3,3,5,-5),(88,7,1,1,0,2,4),(89,3,0,0,0,0,-1),(90,79,17,21,8,38,4),(91,81,7,14,6,21,-11),(92,82,27,48,25,75,-5),(93,79,9,13,7,22,-13),(94,5,0,0,0,0,-1),(95,81,19,34,20,53,4),(96,62,11,7,6,18,-9),(97,73,10,18,11,28,-5),(98,73,11,13,8,24,1),(99,42,14,24,18,38,15),(100,6,0,1,0,1,0),(101,82,6,25,12,31,31),(102,82,3,8,3,11,-6),(103,4,1,0,0,1,0),(104,64,2,7,3,9,4),(105,56,8,31,17,39,16),(106,4,0,0,0,0,-3),(107,1,0,0,0,0,0),(108,23,6,3,0,9,0),(109,19,2,2,1,4,-5),(110,3,0,0,0,0,-2),(111,2,0,0,0,0,-1),(112,77,24,38,20,62,18),(113,60,7,5,4,12,-3),(114,11,0,0,0,0,-2),(115,75,10,16,8,26,9),(116,8,1,1,0,2,3),(117,80,9,28,15,37,12),(118,70,1,9,2,10,-9),(119,77,8,6,5,14,2),(120,82,20,20,14,40,0),(121,70,4,8,6,12,-10),(122,55,1,5,3,6,8),(123,80,8,21,12,29,4),(124,16,0,2,0,2,-6),(125,23,2,2,1,4,-8),(126,29,1,6,1,7,6),(127,56,3,6,3,9,-1),(128,19,0,4,4,4,1),(129,77,15,8,4,23,7),(130,80,1,9,4,10,12),(131,82,9,23,12,32,2),(132,36,1,4,2,5,-11),(133,73,19,25,15,44,-9),(134,70,0,12,4,12,-3),(135,2,0,0,0,0,-1),(136,81,12,24,11,36,-9),(137,54,6,5,3,11,-4),(138,65,5,12,3,17,7),(139,71,9,16,10,25,-1),(140,77,7,6,4,13,8),(141,2,0,0,0,0,0),(142,39,1,5,2,6,-12),(143,36,6,5,2,11,5),(144,52,15,21,10,36,2),(145,63,11,28,16,39,8),(146,37,0,4,2,4,7),(147,82,21,21,11,42,1),(148,52,5,5,4,10,-1),(149,80,36,49,28,85,19),(150,3,0,1,1,1,-1),(151,82,16,16,11,32,5),(152,10,0,1,0,1,-1),(153,71,2,6,2,8,-5),(154,82,6,22,9,28,9),(155,2,1,0,0,1,0),(156,51,4,6,2,10,-5),(157,34,5,5,1,10,-7),(158,66,16,33,16,49,7),(159,8,1,0,0,1,0),(160,51,4,7,2,11,7),(161,72,2,14,7,16,3),(162,22,0,1,1,1,-6),(163,2,0,0,0,0,1),(164,78,8,12,7,20,2),(165,52,4,9,4,13,-8),(166,45,2,2,1,4,0),(167,62,7,16,10,23,16),(168,65,11,18,10,29,-6),(169,77,8,5,4,13,-8),(170,70,6,6,2,12,-14),(171,32,0,4,1,4,2),(172,41,7,10,7,17,0),(173,1,1,0,0,1,1),(174,13,1,4,2,5,-1),(175,76,2,9,5,11,8),(176,72,28,19,12,47,4),(177,81,18,34,24,52,3),(178,76,11,25,16,36,4),(179,71,5,11,5,16,-13),(180,82,14,37,18,51,24),(181,5,0,0,0,0,1),(182,26,3,3,2,6,1),(183,72,19,32,16,51,-2),(184,21,4,6,4,10,1),(185,75,17,31,22,48,-16),(186,76,30,29,16,59,-8),(187,81,20,24,13,44,12),(188,81,10,16,11,26,1),(189,79,0,16,8,16,11),(190,18,2,2,2,4,-1),(191,30,3,6,2,9,4),(192,14,1,3,1,4,-4),(193,82,16,19,13,35,3),(194,54,11,6,4,17,-5),(195,69,25,22,12,47,-12),(196,52,6,14,3,20,-8),(197,67,1,8,4,9,0),(198,72,15,23,16,38,3),(199,48,2,10,5,12,-11),(200,81,24,32,22,56,-16),(201,78,15,21,8,36,18),(202,82,8,27,12,35,14),(203,75,21,34,16,55,-6),(204,16,2,6,3,8,5),(205,79,13,13,7,26,-13),(206,21,2,4,3,6,-3),(207,3,0,0,0,0,0),(208,79,10,22,13,32,13),(209,1,0,1,0,1,1),(210,72,0,12,3,12,-7),(211,69,3,9,2,12,7),(212,23,3,8,3,11,-9),(213,72,2,14,5,16,8),(214,71,3,12,6,15,2),(215,82,30,33,18,63,13),(216,58,7,8,6,15,-12),(217,15,0,0,0,0,-5),(218,72,18,19,8,37,-2),(219,45,5,7,2,12,9),(220,24,0,4,4,4,2),(221,53,8,2,1,10,-2),(222,7,1,1,1,2,2),(223,79,10,20,10,30,9),(224,64,16,21,10,37,-22),(225,69,2,5,2,7,-6),(226,1,0,1,1,1,1),(227,55,8,6,1,14,0),(228,6,0,0,0,0,-4),(229,71,4,14,7,18,-15),(230,68,5,5,3,10,-11),(231,5,1,0,0,1,0),(232,82,12,10,4,22,5),(233,76,8,23,12,31,-6),(234,70,13,10,7,23,-14),(235,76,14,11,8,25,-8),(236,56,4,6,3,10,-3),(237,75,10,13,7,23,4),(238,72,12,25,13,37,-14),(239,26,0,4,2,4,-1),(240,60,5,11,7,16,3),(241,14,1,1,0,2,-1),(242,82,33,31,14,64,1),(243,69,5,23,11,28,-8),(244,59,4,13,6,17,-5),(245,2,0,1,1,1,0),(246,5,0,0,0,0,-1),(247,1,0,0,0,0,-2),(248,56,2,3,3,5,-11),(249,64,15,17,9,32,1),(250,54,12,10,7,22,-6),(251,3,0,0,0,0,1),(252,53,8,8,4,16,4),(253,82,30,26,16,56,-8),(254,24,0,3,3,3,2),(255,53,19,21,12,40,13),(256,80,7,7,7,14,-11),(257,79,7,24,11,31,-15),(258,72,5,6,3,11,-4),(259,14,1,2,1,3,-2),(260,79,30,48,31,78,4),(261,20,1,0,0,1,-9),(262,63,2,4,2,6,-4),(263,7,0,1,1,1,-5),(264,29,1,0,0,1,-6),(265,40,1,5,3,6,-6),(266,47,3,4,2,7,-15),(267,77,13,50,30,63,14),(268,45,1,1,1,2,3),(269,79,12,21,15,33,-5),(270,82,1,10,6,11,-13),(271,82,21,35,17,56,-5),(272,74,2,15,6,17,18),(273,71,7,11,9,18,0),(274,78,22,45,25,67,-8),(275,57,4,3,2,7,-3),(276,81,8,13,6,21,4),(277,9,1,1,1,2,1),(278,82,5,32,14,37,21),(279,43,1,7,1,8,-3),(280,34,1,8,3,9,-7),(281,14,0,3,2,3,1),(282,65,2,2,1,4,-7),(283,77,2,10,2,12,-7),(284,26,0,1,0,1,-3),(285,64,17,29,14,46,8),(286,2,0,1,1,1,1),(287,80,9,9,5,18,-4),(288,58,9,16,7,25,3),(289,4,0,0,0,0,-2),(290,27,0,2,2,2,1),(291,47,6,4,4,10,-4),(292,82,13,31,25,44,-12),(293,5,0,0,0,0,-2),(294,15,0,1,0,1,-7),(295,2,0,0,0,0,-1),(296,5,0,0,0,0,0),(297,74,7,28,12,35,-6),(298,82,4,9,5,13,7),(299,3,0,0,0,0,0),(300,31,7,8,5,15,-2),(301,6,0,0,0,0,-4),(302,4,0,1,0,1,-4),(303,74,6,21,13,27,2),(304,20,3,2,0,5,-4),(305,58,3,4,2,7,-3),(306,53,1,5,2,6,0),(307,76,5,9,5,14,-3),(308,64,2,7,3,9,3),(309,29,0,0,0,0,2),(310,72,3,6,2,9,7),(311,41,0,14,7,14,11),(312,80,14,25,15,39,8),(313,81,5,14,6,19,-13),(314,16,1,0,0,1,-2),(315,30,0,3,3,3,1),(316,82,26,39,29,65,-4),(317,58,3,10,6,13,-2),(318,82,12,31,11,43,-14),(319,4,1,1,1,2,1),(320,72,5,16,5,21,-5),(321,79,4,18,15,22,-14),(322,10,0,6,3,6,0),(323,4,0,0,0,0,-2),(324,67,22,16,12,38,16),(325,64,13,28,14,41,-5),(326,5,0,1,1,1,1),(327,15,0,1,0,1,0),(328,3,0,1,1,1,-1),(329,79,23,26,15,49,-11),(330,14,0,3,3,3,-1),(331,76,14,20,13,34,21),(332,2,1,0,0,1,0),(333,75,13,16,5,29,-12),(334,79,14,22,14,36,4),(335,78,10,37,22,47,21),(336,19,0,1,1,1,-5),(337,77,13,13,7,26,-2),(338,75,13,26,16,39,3),(339,68,5,7,4,12,2),(340,80,30,20,7,50,10),(341,81,21,25,12,46,16),(342,62,6,12,7,18,9),(343,33,3,1,1,4,-14),(344,7,0,0,0,0,-1),(345,81,2,22,7,24,13),(346,39,3,5,4,8,2),(347,78,29,30,19,59,1),(348,82,6,16,8,22,-1),(349,65,9,18,13,27,-16),(350,1,0,0,0,0,0),(351,29,0,3,3,3,-3),(352,59,6,9,6,15,1),(353,82,22,29,15,51,15),(354,82,16,24,13,40,-30),(355,64,13,20,14,33,10),(356,58,6,5,3,11,-1),(357,5,0,1,0,1,3),(358,76,20,39,21,59,17),(359,72,16,30,17,46,-1),(360,3,0,2,1,2,2),(361,7,0,0,0,0,-1),(362,60,2,8,5,10,-17),(363,75,1,24,12,25,-21),(364,16,4,2,2,6,0),(365,82,22,25,16,47,-22),(366,2,0,0,0,0,-5),(367,73,1,4,1,5,1),(368,2,0,0,0,0,-2),(369,79,27,39,21,66,23),(370,73,15,14,10,29,12),(371,81,16,14,6,30,1),(372,65,4,9,5,13,3),(373,7,1,1,1,2,2),(374,82,30,19,12,49,-15),(375,80,14,46,25,60,6),(376,74,17,29,18,46,12),(377,14,1,2,0,3,-6),(378,73,11,16,9,27,-19),(379,60,6,8,3,14,-16),(380,69,14,24,19,38,4),(381,1,0,0,0,0,0),(382,3,0,0,0,0,1),(383,81,18,42,24,60,25),(384,58,2,10,6,12,4),(385,75,11,7,6,18,-7),(386,81,3,28,12,31,-14),(387,59,4,9,3,13,-1),(388,36,1,0,0,1,-5),(389,58,4,10,3,14,-21),(390,81,14,47,33,61,-3),(391,44,4,2,2,6,-6),(392,76,17,28,20,45,-15),(393,78,8,7,3,15,-9),(394,47,0,4,0,4,5),(395,65,20,15,9,35,-14),(396,82,46,60,41,106,17),(397,9,0,0,0,0,-3),(398,82,16,66,35,82,-2),(399,65,10,9,6,19,5),(400,81,9,11,6,20,-9),(401,36,3,5,2,8,-7),(402,2,0,1,1,1,1),(403,67,9,34,15,43,13),(404,11,2,0,0,2,3),(405,44,2,3,2,5,-6),(406,8,0,0,0,0,-1),(407,50,3,13,8,16,-14),(408,1,0,0,0,0,-1),(409,17,1,2,2,3,-2),(410,79,21,32,19,53,5),(411,82,26,33,22,59,9),(412,15,0,2,2,2,-2),(413,5,0,0,0,0,-2),(414,81,14,26,18,40,14),(415,44,2,6,2,8,13),(416,47,7,6,3,13,-6),(417,30,4,8,4,12,-4),(418,69,9,17,4,26,16),(419,76,10,48,21,58,22),(420,14,1,0,0,1,-6),(421,20,2,5,3,7,3),(422,9,0,1,1,1,-1),(423,82,17,39,18,56,6),(424,67,19,17,7,36,-12),(425,81,25,49,24,74,34),(426,71,10,12,7,22,-17),(427,8,0,3,2,3,1),(428,15,0,1,0,1,6),(429,79,21,22,13,43,10),(430,72,17,46,28,63,4),(431,64,3,23,11,26,-21),(432,81,4,40,26,44,9),(433,41,0,4,3,4,-5),(434,77,30,36,25,66,9),(435,42,5,10,7,15,3),(436,8,0,0,0,0,9),(437,8,0,0,0,0,-2),(438,81,9,13,8,22,13),(439,74,1,16,9,17,8),(440,80,17,23,15,40,29),(441,82,20,57,43,77,27),(442,1,0,0,0,0,0),(443,78,25,21,9,46,-13),(444,81,2,12,6,14,-13),(445,61,1,2,1,3,-9),(446,75,20,33,18,53,-5),(447,80,23,22,16,45,11),(448,82,3,15,6,18,15),(449,74,10,7,5,17,-4),(450,43,3,4,1,7,0),(451,71,7,14,7,21,-2),(452,76,6,14,10,20,-1),(453,49,10,8,6,18,0),(454,81,5,35,19,40,-9),(455,80,15,21,13,36,-2),(456,79,5,9,5,14,-4),(457,79,9,25,11,34,12),(458,6,0,0,0,0,0),(459,6,1,2,2,3,-1),(460,12,5,0,0,5,2),(461,6,0,0,0,0,1),(462,1,0,0,0,0,0),(463,12,1,1,0,2,1),(464,71,16,51,23,67,9),(465,82,10,15,7,25,-21),(466,75,8,8,5,16,-10),(467,81,6,15,8,21,-10),(468,68,13,15,9,28,12),(469,6,0,2,1,2,0),(470,10,0,0,0,0,-4),(471,4,0,0,0,0,-3),(472,82,11,28,15,39,-23),(473,80,10,18,8,28,7),(474,9,0,1,0,1,0),(475,57,17,25,14,42,-13),(476,4,0,2,0,2,4),(477,66,4,6,1,10,9),(478,74,7,10,6,17,-9),(479,81,20,35,25,55,26),(480,46,11,3,2,14,-10),(481,67,6,13,7,19,27),(482,4,0,0,0,0,-1),(483,28,1,7,5,8,10),(484,64,6,7,1,13,7),(485,72,21,31,15,52,-4),(486,57,27,31,21,58,1),(487,57,2,4,3,6,-11),(488,56,1,6,2,7,2),(489,71,5,10,3,15,11),(490,10,2,1,0,3,-6),(491,77,37,24,15,61,21),(492,66,2,9,5,11,-5),(493,45,7,11,3,18,-10),(494,65,1,6,3,7,-3),(495,82,5,39,23,44,-6),(496,82,25,23,13,48,-22),(497,72,12,15,7,27,-7),(498,80,10,9,7,19,2),(499,78,3,17,7,20,13),(500,78,10,21,13,31,16),(501,81,9,15,12,24,-9),(502,55,4,7,4,11,-4),(503,41,4,1,0,5,-7),(504,3,0,0,0,0,1),(505,32,1,1,0,2,-13),(506,71,12,16,8,28,-17),(507,6,1,0,0,1,-4),(508,44,2,7,3,9,2),(509,77,4,10,7,14,6),(510,69,9,9,4,18,-6),(511,20,1,1,1,2,-10),(512,1,0,0,0,0,0),(513,77,3,8,7,11,-17),(514,20,2,2,0,4,-4),(515,45,16,32,16,48,-1),(516,73,9,25,16,34,26),(517,5,1,0,0,1,0),(518,3,0,0,0,0,-1),(519,21,3,1,0,4,-14),(520,84,22,17,8,39,-7),(521,2,0,0,0,0,0),(522,34,2,2,1,4,7),(523,15,2,0,0,2,1),(524,3,0,0,0,0,-1),(525,82,8,5,2,13,1),(526,81,2,12,6,14,11),(527,1,0,0,0,0,0),(528,64,1,8,3,9,6),(529,45,4,8,4,12,5),(530,6,1,1,0,2,-1),(531,11,0,0,0,0,1),(532,47,1,4,3,5,-15),(533,17,1,2,1,3,1),(534,69,5,7,3,12,12),(535,45,7,9,5,16,0),(536,70,2,5,1,7,3),(537,3,0,1,1,1,1),(538,6,0,0,0,0,-1),(539,42,3,13,6,16,0),(540,28,1,1,1,2,-5),(541,82,22,21,12,43,10),(542,71,5,13,6,18,15),(543,71,10,11,4,21,-7),(544,71,11,8,6,19,2),(545,46,1,6,1,7,-2),(546,23,0,2,1,2,-3),(547,81,27,36,25,63,-6),(548,80,6,9,5,15,-2),(549,73,4,15,7,19,-12),(550,1,0,0,0,0,0),(551,33,1,6,3,7,-7),(552,1,0,0,0,0,0),(553,81,8,13,7,21,-5),(554,7,0,0,0,0,0),(555,11,0,0,0,0,-4),(556,78,6,11,4,17,5),(557,35,0,10,5,10,-1),(558,82,4,21,8,25,-10),(559,82,8,32,15,40,7),(560,73,9,18,7,27,6),(561,27,2,3,1,5,-5),(562,80,14,21,11,35,17),(563,60,15,21,11,36,8),(564,64,9,13,6,22,-5),(565,82,31,27,19,58,27),(566,80,5,8,4,13,-3),(567,81,26,14,7,40,-3),(568,7,0,4,1,4,1),(569,38,0,8,3,8,-1),(570,8,0,2,0,2,4),(571,57,3,6,4,9,-6),(572,55,9,14,9,23,4),(573,79,9,20,10,29,2),(574,82,20,23,13,43,9),(575,81,20,32,16,52,1),(576,67,8,9,4,17,-8),(577,11,0,1,0,1,-5),(578,82,5,27,12,32,10),(579,1,0,0,0,0,0),(580,52,0,5,3,5,0),(581,71,10,14,8,24,1),(582,6,0,0,0,0,-2),(583,55,12,22,15,34,-9),(584,69,3,7,3,10,-13),(585,22,6,7,5,13,1),(586,82,17,26,17,43,-2),(587,46,7,0,0,7,-6),(588,4,0,0,0,0,-4),(589,22,0,2,1,2,-3),(590,20,3,4,2,7,-1),(591,71,21,39,26,60,-16),(592,82,4,17,9,21,8),(593,17,0,5,3,5,1),(594,79,22,42,23,64,-4),(595,19,0,2,1,2,-5),(596,2,0,0,0,0,0),(597,8,0,1,1,1,-1),(598,82,8,21,10,29,8),(599,41,3,7,2,10,11),(600,80,26,25,11,51,16),(601,21,0,2,1,2,-3),(602,5,0,1,1,1,-2),(603,79,50,21,6,71,21),(604,48,3,6,6,9,-9),(605,82,30,34,23,64,-10),(606,82,19,24,15,43,17),(607,12,0,0,0,0,-2),(608,63,5,8,5,13,-10),(609,62,16,24,16,40,10),(610,1,0,0,0,0,0),(611,82,30,27,16,57,3),(612,80,30,47,29,77,8),(613,30,6,2,1,8,4),(614,56,6,5,2,11,-2),(615,79,9,24,14,33,28),(616,23,0,4,3,4,-7),(617,77,20,21,10,41,0),(618,70,25,28,14,53,-3),(619,51,15,11,6,26,3),(620,38,1,6,5,7,-8),(621,24,2,3,2,5,-3),(622,82,38,40,24,78,25),(623,79,15,21,14,36,11),(624,13,0,0,0,0,-3),(625,9,0,2,2,2,-1),(626,35,1,4,1,5,4),(627,3,0,0,0,0,-2),(628,71,9,32,14,41,-11),(629,71,12,24,15,36,-1),(630,82,34,28,22,62,2),(631,69,4,12,4,16,-7),(632,26,2,4,2,6,2),(633,66,2,15,9,17,17),(634,51,5,11,5,16,-6),(635,71,4,28,16,32,-7),(636,7,1,1,1,2,0),(637,73,7,30,19,37,10),(638,61,14,15,10,29,-4),(639,82,14,40,21,54,4),(640,45,0,3,2,3,-3),(641,2,0,0,0,0,-1),(642,79,1,15,8,16,6),(643,75,11,25,10,36,10),(644,61,4,3,1,7,-6),(645,41,0,3,2,3,-2),(646,26,2,0,0,2,-3),(647,1,0,0,0,0,0),(648,55,14,22,12,36,-6),(649,22,0,7,2,7,4),(650,62,6,11,6,17,5),(651,54,0,3,1,3,1),(652,64,3,6,4,9,-6),(653,35,1,6,4,7,-3),(654,26,2,1,0,3,-3),(655,36,6,6,3,12,2),(656,15,2,2,1,4,1),(657,76,14,29,15,43,-11),(658,55,1,10,6,11,-1),(659,47,4,7,0,11,1),(660,2,1,0,0,1,0),(661,82,13,18,10,31,9),(662,72,20,23,13,43,-1),(663,1,0,0,0,0,-2),(664,27,6,0,0,6,-2),(665,9,0,0,0,0,-7),(666,80,21,27,10,48,-6),(667,44,4,5,1,9,9),(668,13,4,2,2,6,1),(669,9,0,0,0,0,-1),(670,29,4,1,0,5,-3),(671,79,11,15,8,26,-5),(672,64,3,1,0,4,-6),(673,37,2,4,4,6,5),(674,7,0,0,0,0,-2),(675,29,1,6,2,7,-4),(676,29,0,1,0,1,-6),(677,79,23,19,13,42,-8),(678,3,0,0,0,0,-2),(679,81,7,43,19,50,11),(680,68,10,18,14,28,4),(681,39,2,3,3,5,-2),(682,82,11,20,12,31,8),(683,82,14,23,14,37,-21),(684,82,9,27,8,36,-17),(685,52,1,2,1,3,-5),(686,82,9,32,15,41,-21),(687,8,0,1,0,1,-3),(688,33,2,2,1,4,-2),(689,3,1,1,0,2,2),(690,2,1,1,0,2,2),(691,80,13,16,10,29,11),(692,51,1,12,6,13,3),(693,1,0,0,0,0,0),(694,9,0,2,0,2,-2),(695,62,4,15,7,19,-5),(696,41,4,7,4,11,1),(697,33,0,1,1,1,-7),(698,81,22,34,23,56,-9),(699,6,2,0,0,2,1),(700,32,2,7,6,9,5),(701,78,31,22,11,53,1),(702,61,5,5,2,10,-1),(703,4,0,0,0,0,0),(704,1,0,0,0,0,2),(705,70,9,9,1,18,-4),(706,65,4,21,10,25,-7),(707,41,2,6,3,8,5),(708,73,5,16,7,21,6),(709,71,11,12,8,23,6),(710,17,1,2,1,3,3),(711,71,29,32,20,61,16),(712,80,26,33,19,59,3),(713,72,4,12,3,16,-2),(714,67,6,13,10,19,-22),(715,72,2,14,8,16,12),(716,2,0,0,0,0,0),(717,26,2,2,1,4,2),(718,1,0,0,0,0,-1),(719,63,4,14,6,18,-15),(720,81,1,9,2,10,-1),(721,33,8,14,9,22,8),(722,12,0,1,1,1,-1),(723,63,0,10,5,10,7),(724,81,14,35,15,49,6),(725,82,28,33,20,61,7),(726,74,11,44,30,55,0),(727,72,33,40,26,73,2),(728,61,1,11,6,12,-1),(729,39,1,5,2,6,-5),(730,81,6,24,13,30,-15),(731,1,0,0,0,0,0),(732,15,1,3,1,4,1),(733,4,0,1,0,1,1),(734,72,1,20,11,21,-8),(735,1,0,0,0,0,0),(736,76,20,35,25,55,-3),(737,72,14,30,18,44,-14),(738,78,14,20,8,34,11),(739,53,5,2,1,7,-7),(740,81,14,11,5,25,-8),(741,44,7,3,2,10,-1),(742,8,2,1,0,3,-4),(743,3,0,0,0,0,2),(744,2,0,1,1,1,0),(745,68,3,7,5,10,-10),(746,1,1,0,0,1,1),(747,82,20,19,11,39,8),(748,10,1,0,0,1,0),(749,81,32,28,18,60,-7),(750,3,0,1,1,1,0),(751,18,3,1,0,4,-2),(752,34,4,2,0,6,5),(753,74,8,6,6,14,-4),(754,82,28,23,20,51,-2),(755,7,0,0,0,0,1),(756,63,2,18,7,20,1),(757,11,0,1,1,1,-5),(758,22,0,0,0,0,-7),(759,22,2,4,2,6,2),(760,63,3,12,6,15,1),(761,82,21,16,14,37,4),(762,82,25,25,17,50,19),(763,81,25,11,7,36,16),(764,64,14,11,5,25,-3),(765,82,12,39,27,51,-7),(766,11,2,3,1,5,-4),(767,58,3,10,3,13,-2),(768,75,33,30,18,63,4),(769,80,13,36,29,49,-9),(770,18,2,0,0,2,-1),(771,77,11,18,8,29,11),(772,83,13,26,16,39,-2),(773,82,20,28,20,48,6),(774,77,2,13,5,15,2),(775,78,21,17,10,38,-23),(776,80,6,11,8,17,-4),(777,75,9,11,5,20,6),(778,77,36,28,17,64,3),(779,1,0,0,0,0,-1),(780,64,10,39,20,49,3),(781,67,17,35,20,52,3),(782,82,19,32,15,51,4),(783,72,22,31,16,53,5),(784,9,0,0,0,0,-3),(785,56,8,12,9,20,2),(786,80,4,5,1,9,-1),(787,75,23,38,21,61,-4),(788,75,6,30,15,36,-10),(789,50,1,5,1,6,4),(790,2,0,0,0,0,1),(791,52,1,5,1,6,1),(792,73,9,25,10,34,16),(793,7,0,0,0,0,-1),(794,62,6,17,6,23,-1),(795,71,8,20,11,28,-9),(796,6,0,0,0,0,-2),(797,64,1,2,0,3,-7),(798,68,6,45,22,51,4),(799,3,0,0,0,0,-2),(800,18,1,3,2,4,0),(801,77,4,17,5,21,-2),(802,82,8,43,21,51,10),(803,20,5,4,0,9,3),(804,8,0,0,0,0,-4),(805,27,2,2,0,4,-5),(806,38,2,5,3,7,-11),(807,3,0,0,0,0,0),(808,69,4,14,6,18,-8),(809,1,0,0,0,0,0),(810,70,8,27,16,35,8),(811,3,0,0,0,0,0),(812,80,40,34,16,74,7),(813,81,21,24,10,45,4),(814,78,33,37,31,70,6),(815,29,1,3,1,4,1),(816,78,13,22,16,35,-2),(817,68,8,3,2,11,-12),(818,19,3,5,3,8,7),(819,6,0,2,2,2,1),(820,49,3,3,2,6,-1),(821,3,0,0,0,0,0),(822,82,6,6,4,12,-1),(823,82,19,63,34,82,25),(824,50,1,4,4,5,-2),(825,79,7,13,10,20,-16),(826,50,3,3,1,6,-10),(827,10,0,0,0,0,-5),(828,30,2,2,2,4,-1),(829,80,28,30,17,58,16),(830,82,31,27,16,58,35),(831,2,0,1,1,1,1),(832,66,4,5,3,9,-26),(833,76,25,28,17,53,15),(834,38,2,5,2,7,3),(835,81,6,15,9,21,10),(836,13,1,1,0,2,-3),(837,57,13,17,10,30,-15),(838,61,1,2,2,3,-6),(839,39,2,9,8,11,1),(840,70,6,8,7,14,5),(841,10,0,0,0,0,0),(842,40,14,15,10,29,3),(843,82,3,11,7,14,-5),(844,79,2,12,5,14,-7),(845,74,18,23,17,41,-10),(846,6,1,2,2,3,2),(847,71,9,29,13,38,8),(848,39,8,3,2,11,-3),(849,76,17,21,11,38,-14),(850,6,0,1,0,1,1),(851,77,15,23,9,38,0),(852,41,4,11,7,15,-14),(853,55,7,6,5,13,-7),(854,1,0,0,0,0,1),(855,67,8,31,13,39,15),(856,73,11,44,27,55,-5),(857,63,13,14,6,27,-30),(858,43,4,2,1,6,-2),(859,79,21,22,14,43,-15),(860,22,1,1,0,2,-9),(861,57,3,7,4,10,-4),(862,14,0,0,0,0,1),(863,45,1,4,3,5,2),(864,78,20,31,17,51,-7),(865,45,0,7,5,7,-17),(866,71,14,13,8,27,4),(867,2,0,0,0,0,0),(868,69,8,32,23,40,-1),(869,82,26,52,37,78,8),(870,73,11,5,2,16,-9),(871,64,6,7,4,13,4),(872,51,2,17,8,19,-9),(873,52,0,5,2,5,2),(874,82,22,30,15,52,15),(875,64,6,18,10,24,-1),(876,29,0,0,0,0,-3),(877,24,5,1,1,6,0),(878,82,7,16,13,23,3),(879,68,7,11,7,18,-10),(880,76,6,13,7,19,4),(881,1,0,0,0,0,0),(882,4,0,0,0,0,0),(883,1,0,0,0,0,0),(884,5,0,0,0,0,0),(885,11,0,1,0,1,0),(886,60,8,15,6,23,-16),(887,82,5,42,24,47,-4),(888,1,0,2,1,2,4),(889,22,0,2,2,2,-5),(890,74,14,28,14,42,3),(891,3,0,1,1,1,1),(892,82,13,37,21,50,-15),(893,81,21,30,16,51,-2),(894,53,4,12,6,16,5),(895,1,0,0,0,0,-1),(896,50,3,4,1,7,4),(897,81,26,35,27,61,2),(898,71,13,10,7,23,-4);
/*!40000 ALTER TABLE `player_stats` ENABLE KEYS */;
UNLOCK TABLES;

--
-- Table structure for table `player_team`
--

DROP TABLE IF EXISTS `player_team`;
/*!40101 SET @saved_cs_client     = @@character_set_client */;
/*!40101 SET character_set_client = utf8 */;
CREATE TABLE `player_team` (
  `id_player` int(10) unsigned NOT NULL,
  `player_number` int(10) DEFAULT NULL,
  `player_end_team` varchar(3) CHARACTER SET utf8 DEFAULT NULL,
  `player_teams` varchar(20) CHARACTER SET utf8 DEFAULT NULL,
  `player_position` varchar(20) CHARACTER SET utf8 DEFAULT NULL,
  UNIQUE KEY `id_player_UNIQUE` (`id_player`),
  CONSTRAINT `id_player` FOREIGN KEY (`id_player`) REFERENCES `players` (`id_player`) ON DELETE NO ACTION ON UPDATE NO ACTION
) ENGINE=InnoDB DEFAULT CHARSET=utf8 COLLATE=utf8_unicode_ci;
/*!40101 SET character_set_client = @saved_cs_client */;

--
-- Dumping data for table `player_team`
--

LOCK TABLES `player_team` WRITE;
/*!40000 ALTER TABLE `player_team` DISABLE KEYS */;
INSERT INTO `player_team` VALUES (1,8,'DET','DET','LW/RW/C'),(2,55,'BOS','BOS','C'),(3,51,'CGY','CGY','LW'),(4,28,'COL','COL','LW/C'),(5,27,'WSH','WSH','D'),(6,34,'CBJ','CBJ','RW/LW'),(7,18,'DET','DET','C'),(8,15,'LAK','LAK','LW/C'),(9,42,'MTL','MTL','RW/LW'),(10,10,'TBL','TBL','LW'),(11,15,'CHI','CHI','C'),(12,45,'PIT','PIT','RW/LW'),(13,33,'TOR','TOR','RW/C'),(14,40,'WPG','WPG','RW'),(15,38,'NSH','NSH','LW/RW'),(16,72,'DET','DET','C/LW'),(17,13,'CBJ','CBJ','RW'),(18,42,'STL','STL','C/RW'),(19,11,'CGY','CGY','C'),(20,19,'WSH','WSH','C'),(21,47,'VAN','VAN','LW/RW'),(22,12,'NYI','NYI','RW/LW'),(23,56,'BUF','BUF','RW/C'),(24,45,'MTL','MTL','D'),(25,16,'FLA','FLA','C'),(26,4,'COL','COL','D'),(27,44,'VAN','VAN','D'),(28,20,'MTL','NSH, MTL','D'),(29,16,'NSH','NSH','C/RW'),(30,39,'CHI','CHI','RW'),(31,83,'WSH','WSH','RW/C'),(32,32,'COL','COL','D'),(33,28,'MTL','MTL','D'),(34,NULL,'NYI','NYI','LW/RW'),(35,39,'BOS','BOS','LW'),(36,78,'PHI','PHI','LW/C'),(37,14,'DAL','DAL','LW'),(38,24,'DAL','DAL','D'),(39,19,'PIT','PIT','RW/LW'),(40,93,'CGY','CGY','C'),(41,61,'STL','STL','D'),(42,37,'BOS','BOS','C'),(43,21,'STL','STL','C'),(44,16,'NYI','NYI','RW'),(45,47,'MIN','MIN','C'),(46,29,'CHI','CHI','LW'),(47,55,'VAN','VAN','D'),(48,2,'ANA','ANA','D'),(49,3,'COL','COL','D'),(50,2,'NSH','NSH','D'),(51,28,'CBJ','CBJ','RW'),(52,27,'FLA','FLA','C'),(53,64,'NJD','NJD','LW/RW/C'),(54,46,'TBL','TBL','RW/LW'),(55,41,'COL','CBJ, COL','D'),(56,89,'COL','ARI, COL','LW/RW'),(57,47,'BUF','BUF','D'),(58,40,'CBJ','CBJ','RW'),(59,63,'FLA','FLA','C'),(60,52,'CGY','CGY','LW'),(61,13,'PIT','PIT','C/LW'),(62,74,'OTT','OTT','D'),(63,41,'STL','STL','D'),(64,12,'NJD','NJD','LW/RW'),(65,36,'NYI','NYI','LW'),(66,17,'CGY','CGY','C'),(67,57,'NSH','NSH','RW/LW'),(68,18,'CBJ','CBJ','RW/LW'),(69,19,'STL','STL','D'),(70,55,'NYI','NYI','D'),(71,28,'TOR','TOR','RW'),(72,11,'TBL','TBL','C/LW'),(73,22,'NYR','NYR','D'),(74,42,'TOR','TOR','C'),(75,16,'NYR','NYR','C'),(76,61,'SJS','SJS','D'),(77,29,'TOR','TOR','D'),(78,86,'FLA','FLA','C'),(79,7,'CGY','CGY','D'),(80,25,'MIN','MIN','D'),(81,28,'STL','STL','C'),(82,36,'STL','STL','RW'),(83,67,'WSH','WSH','C'),(84,16,'TOR','TOR','RW'),(85,23,'LAK','LAK','RW/LW'),(86,23,'TBL','TBL','RW/LW'),(87,13,'MTL','SJS, MTL','RW/LW'),(88,36,'CAR','CAR','C/RW'),(89,54,'MIN','MIN','RW/LW'),(90,65,'WSH','WSH','LW/C'),(91,6,'WPG','WPG','C/RW'),(92,88,'SJS','SJS','D/RW'),(93,14,'VAN','VAN','RW/LW'),(94,25,'STL','STL','D'),(95,33,'WPG','WPG','D'),(96,41,'MTL','MTL','LW/C'),(97,24,'TBL','TBL','RW'),(98,11,'CBJ','CBJ','LW'),(99,13,'NJD','NJD','LW/C'),(100,48,'TOR','TOR','D'),(101,51,'FLA','FLA','D'),(102,9,'CBJ','CBJ','C/LW'),(103,28,'WSH','WSH','C/LW'),(104,25,'TBL','TBL','D'),(105,74,'WSH','WSH','D'),(106,33,'STL','STL','RW/LW'),(107,40,'SJS','SJS','C/RW'),(108,43,'MTL','MTL','LW'),(109,8,'TOR','WSH, TOR','D'),(110,53,'TOR','TOR','C'),(111,46,'CAR','CAR','D'),(112,77,'LAK','LAK','C/RW'),(113,18,'MIN','MIN','LW/C'),(114,43,'BUF','BUF','C/LW'),(115,5,'OTT','OTT','D'),(116,39,'CBJ','CBJ','C/LW'),(117,33,'BOS','BOS','D'),(118,7,'WPG','WPG','D'),(119,90,'OTT','OTT','RW'),(120,25,'WSH','WSH','LW'),(121,24,'ARI','ARI','C'),(122,4,'WSH','WSH','D'),(123,53,'NYI','NYI','C'),(124,49,'OTT','OTT','D'),(125,23,'CBJ','CBJ','RW'),(126,27,'EDM','PIT, EDM','D'),(127,13,'LAK','LAK','LW'),(128,25,'TOR','TOR','LW'),(129,15,'NYI','NYI','RW'),(130,55,'TBL','TBL','D'),(131,7,'ANA','ANA','LW/C'),(132,25,'BUF','BUF','D'),(133,8,'CGY','CGY','C'),(134,28,'PIT','PIT','D'),(135,53,'WSH','WSH','C/LW'),(136,14,'COL','COL','LW/RW'),(137,22,'TBL','TBL','RW/LW'),(138,44,'ARI','CBJ, ARI','D'),(139,14,'BOS','BOS','RW'),(140,9,'WPG','WPG','C'),(141,28,'WPG','WPG','C/LW'),(142,20,'TOR','TOR','D'),(143,52,'PHI','PHI','C'),(144,39,'SJS','SJS','C'),(145,14,'PHI','PHI','C'),(146,29,'OTT','OTT','D'),(147,3,'MIN','MIN','C/RW'),(148,22,'EDM','VAN, EDM','RW/C'),(149,87,'PIT','PIT','C'),(150,56,'BOS','BOS','D'),(151,7,'PIT','PIT','C/LW'),(152,22,'ARI','ARI','LW/RW/C'),(153,34,'ARI','ARI','D'),(154,6,'PIT','CHI, PIT','D'),(155,27,'MIN','MIN','C/RW'),(156,24,'MTL','CHI, MTL','LW/C'),(157,56,'WPG','CHI, WPG','C'),(158,13,'DET','DET','C/LW'),(159,76,'ARI','ARI','C'),(160,88,'EDM','EDM','D'),(161,44,'NYI','NYI','D'),(162,25,'MTL','MTL','LW/C'),(163,77,'WPG','WPG','C'),(164,65,'DET','DET','D'),(165,15,'PHI','PHI','D'),(166,74,'SJS','SJS','D'),(167,4,'DAL','DAL','D'),(168,51,'MTL','MTL','C'),(169,11,'CHI','CHI','LW/C'),(170,44,'BUF','BUF','LW/RW'),(171,24,'ANA','ANA','D'),(172,34,'CAR','CAR','LW'),(173,16,'DAL','DAL','C/LW'),(174,44,'MTL','MTL','D'),(175,4,'SJS','SJS','D'),(176,19,'ARI','ARI','RW/LW'),(177,16,'ARI','ARI','LW/C'),(178,27,'SJS','SJS','RW/LW'),(179,15,'VAN','VAN','RW/LW'),(180,8,'LAK','LAK','D'),(181,67,'LAK','LAK','C'),(182,17,'ARI','ARI','RW/LW'),(183,29,'EDM','EDM','C/LW'),(184,27,'TBL','TBL','LW/C'),(185,17,'CBJ','CBJ','C/LW'),(186,9,'COL','COL','C'),(187,10,'ARI','ARI','LW/RW'),(188,24,'MIN','MIN','D'),(189,8,'PIT','PIT','D'),(190,9,'PIT','PIT','RW/LW'),(191,43,'OTT','OTT','LW/C'),(192,59,'OTT','OTT','LW'),(193,20,'DAL','DAL','C'),(194,18,'DAL','DAL','RW/LW'),(195,14,'EDM','EDM','RW'),(196,23,'VAN','VAN','D'),(197,6,'STL','STL','D'),(198,27,'WPG','WPG','RW/LW'),(199,55,'CHI','LAK, CHI','D'),(200,15,'BUF','BUF','C'),(201,5,'FLA','FLA','D'),(202,14,'NSH','NSH','D'),(203,23,'ARI','ARI','D'),(204,26,'NJD','NJD','C/LW'),(205,81,'MTL','MTL','C/LW'),(206,7,'NSH','ARI, NSH','D'),(207,85,'MTL','MTL','D'),(208,4,'NSH','NSH','D'),(209,65,'CGY','CGY','LW'),(210,74,'MTL','MTL','D'),(211,29,'CGY','CGY','D/RW'),(212,63,'BUF','BUF','C'),(213,39,'WPG','WPG','D'),(214,52,'DET','DET','D'),(215,21,'BOS','BOS','RW/LW'),(216,26,'VAN','NYR, VAN','RW/LW'),(217,45,'COL','COL','RW/C'),(218,15,'STL','STL','C'),(219,12,'DAL','DAL','C'),(220,44,'CBJ','CBJ','D'),(221,23,'NJD','PIT, NJD','LW'),(222,52,'BUF','BUF','RW'),(223,19,'NYR','NYR','RW/LW'),(224,27,'CAR','CAR','D'),(225,5,'EDM','EDM','D'),(226,58,'VAN','VAN','D'),(227,16,'PIT','PIT','C'),(228,21,'EDM','EDM','D'),(229,79,'CGY','CGY','LW'),(230,29,'BOS','DET, BOS','C/RW'),(231,56,'NSH','NSH','LW/RW'),(232,38,'DAL','DAL','C'),(233,51,'TBL','TBL','C/LW'),(234,12,'NSH','NSH','C'),(235,12,'CHI','MTL, CHI','LW/RW'),(236,32,'MTL','MTL','C'),(237,82,'BUF','BUF','LW/C'),(238,71,'CBJ','CBJ','LW/RW'),(239,5,'MIN','MIN','D'),(240,14,'MIN','MIN','RW'),(241,24,'LAK','LAK','D'),(242,9,'NSH','NSH','LW/RW'),(243,4,'ANA','ANA','D'),(244,46,'BUF','BUF','D'),(245,93,'DET','DET','RW/LW'),(246,NULL,'ANA','ANA','RW/LW'),(247,56,'VAN','VAN','C'),(248,56,'TOR','TOR','C'),(249,67,'CGY','CGY','RW'),(250,12,'LAK','LAK','RW/LW'),(251,63,'MIN','MIN','RW'),(252,89,'PHI','PHI','C'),(253,27,'MTL','MTL','C/LW'),(254,49,'WSH','WSH','RW'),(255,11,'MTL','MTL','RW'),(256,16,'ANA','CHI, ANA','C/RW/LW'),(257,51,'TOR','TOR','D'),(258,5,'TBL','TBL','D'),(259,32,'ARI','ARI','C'),(260,13,'CGY','CGY','LW'),(261,50,'VAN','VAN','C'),(262,28,'NSH','NSH','C'),(263,54,'TOR','TOR','C'),(264,20,'EDM','EDM','LW'),(265,44,'COL','NJD, COL','D'),(266,14,'CAR','CAR','LW/RW'),(267,15,'ANA','ANA','C'),(268,77,'MTL','MTL','D'),(269,12,'BUF','BUF','RW'),(270,11,'NJD','NJD','C/RW'),(271,5,'CGY','CGY','D'),(272,5,'NYR','NYR','D'),(273,28,'BUF','BUF','C/LW'),(274,28,'PHI','PHI','C'),(275,15,'NYR','NYR','LW'),(276,41,'DET','DET','C'),(277,82,'SJS','SJS','LW/RW'),(278,33,'DAL','DAL','D'),(279,29,'CBJ','CBJ','D'),(280,23,'OTT','STL, OTT','C'),(281,89,'SJS','SJS','RW/LW'),(282,15,'ARI','ARI','C'),(283,4,'BUF','BUF','D'),(284,46,'COL','COL','D'),(285,53,'PHI','PHI','D'),(286,65,'TBL','TBL','C/LW'),(287,40,'TOR','TOR','RW/LW'),(288,84,'NYI','NYI','C'),(289,38,'NJD','NJD','D'),(290,8,'NSH','NSH','D'),(291,60,'VAN','CGY, VAN','C'),(292,64,'MIN','MIN','C'),(293,47,'ARI','ARI','D'),(294,57,'CGY','CGY','C/LW'),(295,44,'MIN','MIN','C'),(296,53,'LAK','LAK','D'),(297,25,'DET','DET','D'),(298,6,'NJD','NJD','D'),(299,2,'LAK','LAK','D'),(300,38,'TOR','OTT, TOR','C/LW'),(301,65,'VAN','VAN','RW'),(302,53,'BOS','BOS','C/RW'),(303,25,'COL','COL','C/LW'),(304,23,'FLA','FLA','C/RW'),(305,2,'ARI','ARI','D'),(306,62,'EDM','EDM','D'),(307,3,'PHI','PHI','D'),(308,44,'FLA','FLA','D'),(309,5,'COL','COL','D'),(310,4,'STL','STL','D'),(311,52,'CHI','CHI','D'),(312,62,'PIT','ANA, PIT','LW'),(313,65,'CAR','CAR','D'),(314,38,'SJS','SJS','C/LW/RW'),(315,15,'WPG','WPG','RW/LW'),(316,4,'EDM','EDM','LW'),(317,2,'VAN','VAN','D'),(318,27,'CGY','CGY','D'),(319,25,'CGY','CGY','C/RW'),(320,3,'NYI','NYI','D'),(321,5,'CAR','CAR','D'),(322,71,'MTL','MTL','D'),(323,33,'CBJ','CBJ','LW'),(324,36,'VAN','VAN','RW/LW'),(325,11,'ARI','ARI','C'),(326,67,'OTT','OTT','D'),(327,36,'TOR','TOR','D'),(328,38,'CHI','CHI','RW'),(329,43,'CBJ','CBJ','LW'),(330,64,'CGY','CGY','RW'),(331,56,'MIN','MIN','C/LW'),(332,29,'STL','STL','RW/LW'),(333,11,'BOS','BOS','RW'),(334,13,'NYR','NYR','RW/C'),(335,77,'TBL','TBL','D'),(336,39,'NJD','NJD','D'),(337,43,'DET','DET','C'),(338,83,'DAL','DAL','RW'),(339,23,'EDM','EDM','LW/RW'),(340,14,'NJD','NJD','C/LW'),(341,48,'SJS','SJS','C/RW/LW'),(342,14,'NYI','NYI','D'),(343,20,'VAN','VAN','LW'),(344,48,'CHI','CHI','C'),(345,4,'CHI','CHI','D'),(346,11,'NSH','NSH','C'),(347,68,'OTT','OTT','LW'),(348,2,'COL','COL','D'),(349,24,'TOR','TOR','C'),(350,52,'MTL','MTL','C/RW'),(351,5,'ANA','ANA','D'),(352,22,'ANA','ANA','C/LW'),(353,72,'PIT','PIT','RW'),(354,53,'VAN','VAN','C'),(355,81,'CHI','CHI','RW'),(356,42,'FLA','FLA','C/LW'),(357,NULL,'NYR','NYR','RW/LW'),(358,11,'FLA','FLA','LW'),(359,24,'FLA','CGY, FLA','RW/LW'),(360,54,'MTL','MTL','LW'),(361,24,'EDM','EDM','D'),(362,2,'TOR','TOR','D'),(363,27,'VAN','VAN','D'),(364,11,'TOR','TOR','C'),(365,12,'COL','COL','RW'),(366,52,'BOS','BOS','D'),(367,5,'NSH','NSH','D'),(368,NULL,'ANA','ANA','RW'),(369,68,'FLA','FLA','RW'),(370,13,'DAL','DAL','C'),(371,19,'NSH','NSH','C'),(372,23,'STL','STL','RW/LW'),(373,15,'ARI','ARI','LW/C'),(374,38,'CBJ','CBJ','C/LW'),(375,92,'NSH','CBJ, NSH','C'),(376,90,'WSH','WSH','LW/C'),(377,28,'DAL','DAL','D'),(378,6,'COL','COL','D'),(379,7,'CBJ','CBJ','D'),(380,9,'TBL','TBL','C/RW'),(381,52,'NYI','NYI','LW'),(382,89,'MTL','MTL','D'),(383,36,'FLA','FLA','LW/C'),(384,3,'CGY','DAL, CGY','D'),(385,12,'MIN','CGY, MIN','RW'),(386,3,'CBJ','NSH, CBJ','D'),(387,16,'CGY','CGY','C/RW'),(388,47,'CAR','CAR','D'),(389,16,'NJD','NJD','C/LW'),(390,59,'NSH','NSH','D'),(391,26,'DET','DET','RW/LW'),(392,43,'TOR','TOR','C'),(393,51,'NJD','NJD','C'),(394,3,'FLA','FLA','D'),(395,9,'BUF','BUF','LW'),(396,88,'CHI','CHI','RW'),(397,37,'TOR','TOR','RW/LW'),(398,65,'OTT','OTT','D'),(399,68,'SJS','SJS','C/RW'),(400,25,'CBJ','CBJ','C'),(401,44,'EDM','EDM','RW'),(402,38,'NYI','NYI','C/LW'),(403,2,'CHI','CHI','D'),(404,23,'BOS','BOS','C/LW'),(405,41,'BOS','BOS','C'),(406,41,'VAN','VAN','LW'),(407,48,'NJD','NJD','C/RW/LW'),(408,36,'MIN','MIN','LW/RW/C'),(409,67,'CHI','CHI','C'),(410,17,'ANA','ANA','C'),(411,81,'PIT','PIT','RW'),(412,54,'EDM','EDM','LW/C'),(413,76,'BOS','BOS','C/LW'),(414,17,'TBL','TBL','C/LW/RW'),(415,46,'FLA','DET, FLA','D'),(416,74,'LAK','LAK','LW/RW'),(417,77,'EDM','EDM','D'),(418,8,'NYR','NYR','D'),(419,3,'DAL','DAL','D'),(420,12,'EDM','EDM','LW'),(421,53,'FLA','FLA','C'),(422,29,'TBL','TBL','D'),(423,9,'MIN','MIN','C'),(424,47,'TOR','TOR','C/LW/RW'),(425,11,'LAK','LAK','C'),(426,28,'EDM','EDM','LW/RW'),(427,72,'WPG','WPG','RW'),(428,21,'OTT','OTT','D'),(429,20,'NYR','NYR','LW'),(430,46,'BOS','BOS','C'),(431,55,'DET','DET','D'),(432,47,'BOS','BOS','D'),(433,22,'CHI','CHI','C'),(434,86,'TBL','TBL','RW/LW'),(435,34,'PIT','PIT','RW/LW'),(436,46,'CBJ','CBJ','D'),(437,61,'CGY','CGY','D'),(438,86,'NYI','NYI','LW/RW'),(439,7,'FLA','FLA','D'),(440,14,'PIT','PIT','LW'),(441,92,'WSH','WSH','C'),(442,58,'CGY','CGY','D'),(443,16,'CHI','WPG, CHI','LW'),(444,23,'TOR','WSH, TOR','C'),(445,51,'EDM','EDM','C'),(446,92,'COL','COL','LW'),(447,71,'DET','DET','C'),(448,5,'NJD','NJD','D'),(449,22,'BUF','BUF','LW/C'),(450,46,'WSH','WSH','C'),(451,21,'PHI','PHI','C'),(452,27,'OTT','OTT','RW/C'),(453,44,'LAK','PHI, LAK','C'),(454,2,'NYI','NYI','D'),(455,27,'NYI','NYI','LW/C'),(456,17,'BUF','BUF','C/LW'),(457,12,'STL','STL','C'),(458,58,'PHI','PHI','LW'),(459,49,'TOR','TOR','LW/C'),(460,32,'TOR','TOR','LW/RW'),(461,11,'SJS','SJS','C/LW'),(462,36,'MTL','MTL','D'),(463,53,'MTL','MTL','LW'),(464,58,'PIT','PIT','D'),(465,55,'EDM','EDM','C/RW'),(466,22,'LAK','LAK','C'),(467,26,'BOS','CAR, BOS','D'),(468,24,'NYR','NYR','C'),(469,46,'TOR','TOR','RW'),(470,48,'STL','STL','D'),(471,23,'DAL','DAL','D'),(472,16,'CAR','CAR','C/RW'),(473,47,'ANA','ANA','D'),(474,46,'WPG','WPG','RW'),(475,18,'WPG','WPG','C'),(476,55,'TOR','TOR','D'),(477,12,'PIT','PIT','D'),(478,17,'WPG','WPG','C/LW'),(479,17,'LAK','LAK','LW'),(480,19,'TOR','TOR','LW/RW'),(481,3,'PIT','PIT','D'),(482,16,'OTT','OTT','LW'),(483,47,'PHI','PHI','D'),(484,17,'FLA','FLA','C/LW'),(485,29,'COL','COL','C/RW'),(486,71,'PIT','PIT','C/RW'),(487,24,'CAR','CAR','C/LW'),(488,23,'PHI','PHI','D'),(489,42,'ANA','ANA','D'),(490,39,'DET','DET','RW/LW'),(491,63,'BOS','BOS','LW'),(492,47,'DET','DET','D'),(493,81,'TBL','TBL','C/N'),(494,52,'TOR','TOR','D'),(495,79,'MTL','MTL','D'),(496,12,'SJS','SJS','LW/RW'),(497,19,'EDM','ANA, EDM','LW'),(498,17,'NYI','NYI','LW/RW'),(499,7,'SJS','SJS','D'),(500,27,'LAK','LAK','D'),(501,48,'ARI','ARI','LW/C'),(502,27,'COL','COL','LW'),(503,53,'CHI','CHI','LW'),(504,56,'FLA','FLA','D'),(505,21,'MTL','NJD, MTL','C/LW'),(506,18,'COL','TOR, COL','C/LW'),(507,42,'NYI','NYI','D'),(508,5,'LAK','LAK','D'),(509,29,'BUF','BUF','D'),(510,91,'VAN','VAN','C'),(511,34,'MTL','MTL','RW'),(512,17,'SJS','SJS','C/LW'),(513,18,'CAR','CAR','C'),(514,89,'OTT','OTT','RW/LW'),(515,97,'EDM','EDM','C'),(516,27,'NYR','NYR','D'),(517,36,'PHI','PHI','RW'),(518,45,'FLA','FLA','LW/RW'),(519,23,'CAR','CAR','LW'),(520,88,'ANA','BUF, ANA','LW/RW'),(521,44,'TBL','TBL','LW'),(522,6,'NYR','NYR','D'),(523,41,'FLA','FLA','C'),(524,11,'DAL','DAL','LW'),(525,55,'COL','COL','LW/RW'),(526,3,'LAK','LAK','D'),(527,41,'CHI','CHI','RW/C'),(528,54,'BOS','BOS','D'),(529,82,'PHI','PHI','D'),(530,NULL,'NYR','NYR','C'),(531,71,'WPG','WPG','D'),(532,7,'NJD','NJD','D'),(533,49,'LAK','LAK','LW'),(534,3,'OTT','OTT','D'),(535,18,'TOR','OTT, TOR','LW/RW'),(536,4,'ARI','ARI','D'),(537,22,'CBJ','CBJ','LW'),(538,58,'EDM','EDM','RW/C'),(539,48,'BOS','BOS','D'),(540,20,'DET','DET','LW/RW'),(541,10,'NYR','NYR','C'),(542,86,'BOS','BOS','D'),(543,7,'COL','COL','C'),(544,17,'MTL','MTL','C'),(545,33,'FLA','FLA','D'),(546,27,'DAL','DAL','LW/RW'),(547,23,'CGY','CGY','C'),(548,28,'NYR','NYR','C/LW'),(549,2,'NJD','NJD','D'),(550,36,'WPG','WPG','D'),(551,45,'BOS','BOS','D'),(552,22,'PIT','PIT','LW/C'),(553,26,'BUF','BUF','LW'),(554,53,'NJD','NJD','D'),(555,41,'SJS','SJS','D'),(556,5,'ARI','ARI','D'),(557,7,'CAR','CAR','D'),(558,27,'CBJ','CBJ','D'),(559,6,'LAK','LAK','D'),(560,57,'WPG','WPG','D'),(561,33,'CGY','CGY','D'),(562,90,'TBL','TBL','C/LW'),(563,61,'NYR','NYR','LW/RW'),(564,20,'CAR','CAR','C/RW'),(565,18,'NSH','NSH','RW/LW'),(566,25,'OTT','OTT','RW'),(567,29,'NYI','NYI','LW/C'),(568,34,'BUF','BUF','D'),(569,15,'DAL','DAL','D'),(570,55,'WSH','WSH','D'),(571,89,'TBL','TBL','D'),(572,15,'CAR','CAR','C'),(573,43,'DAL','DAL','RW'),(574,22,'MIN','MIN','RW/LW'),(575,51,'NYI','NYI','C'),(576,83,'SJS','SJS','LW/RW'),(577,86,'EDM','EDM','D'),(578,2,'WSH','WSH','D'),(579,64,'ANA','ANA','RW/LW'),(580,71,'LAK','LAK','C/RW/LW'),(581,42,'CAR','CAR','LW/C'),(582,83,'DET','DET','LW'),(583,93,'EDM','EDM','C'),(584,25,'EDM','EDM','D'),(585,39,'TOR','TOR','C'),(586,14,'DET','DET','RW/LW'),(587,24,'NSH','NSH','LW/RW'),(588,36,'NJD','NJD','C/RW'),(589,18,'NJD','NJD','RW'),(590,19,'BUF','BUF','C'),(591,90,'BUF','BUF','C'),(592,47,'DAL','DAL','D'),(593,82,'EDM','EDM','D'),(594,21,'NYI','NYI','RW'),(595,5,'DAL','DAL','D'),(596,23,'MIN','MIN','D'),(597,4,'FLA','FLA','D'),(598,9,'WSH','WSH','D'),(599,44,'WSH','WSH','D'),(600,77,'WSH','WSH','RW/LW'),(601,9,'STL','STL','C'),(602,61,'DET','DET','D'),(603,8,'WSH','WSH','LW/RW'),(604,56,'STL','STL','LW/RW'),(605,67,'MTL','MTL','LW'),(606,44,'OTT','OTT','C'),(607,NULL,'NYR','NYR','LW'),(608,26,'EDM','EDM','RW/LW'),(609,18,'TBL','TBL','LW'),(610,36,'CBJ','CBJ','D'),(611,21,'NJD','NJD','RW/LW'),(612,72,'CHI','CHI','LW'),(613,14,'CHI','CHI','LW/RW'),(614,13,'TBL','TBL','C'),(615,55,'STL','STL','D'),(616,6,'EDM','WPG, EDM','D'),(617,15,'TOR','TOR','RW'),(618,11,'MIN','MIN','LW'),(619,88,'BOS','BOS','RW/LW'),(620,6,'MTL','MTL','D'),(621,13,'OTT','OTT','LW'),(622,8,'SJS','SJS','C/RW'),(623,70,'LAK','LAK','LW/RW'),(624,29,'VAN','VAN','D'),(625,50,'NYI','NYI','D'),(626,14,'WPG','WPG','RW'),(627,50,'TOR','TOR','D'),(628,85,'WPG','WPG','C/LW'),(629,57,'ANA','PIT, ANA','LW/RW'),(630,10,'ANA','ANA','RW'),(631,54,'CAR','CAR','D'),(632,19,'WPG','WPG','LW/C'),(633,6,'FLA','FLA','D'),(634,26,'MTL','MTL','D'),(635,2,'OTT','TOR, OTT','D'),(636,56,'NJD','NJD','LW'),(637,27,'STL','STL','D'),(638,11,'ANA','FLA, ANA','C'),(639,14,'MTL','MTL','C'),(640,61,'ARI','PIT, ARI','LW'),(641,28,'CGY','CGY','LW/RW'),(642,46,'SJS','TOR, SJS','D'),(643,29,'MIN','MIN','RW'),(644,7,'MIN','MIN','LW'),(645,11,'PIT','PIT','C'),(646,4,'WPG','WPG','D'),(647,21,'NSH','NSH','D'),(648,67,'EDM','EDM','LW'),(649,51,'PIT','PIT','D'),(650,11,'NYI','OTT, NYI','C/LW'),(651,39,'MIN','MIN','D'),(652,47,'CBJ','CBJ','D'),(653,9,'VAN','VAN','LW/C'),(654,26,'OTT','OTT','LW'),(655,56,'DET','DET','LW/RW'),(656,6,'NYI','NYI','D'),(657,26,'FLA','EDM, FLA','RW/LW'),(658,3,'BUF','BUF','D'),(659,27,'DET','DET','D'),(660,10,'NYI','NYI','C'),(661,12,'PHI','PHI','LW'),(662,67,'ANA','ANA','C'),(663,55,'CBJ','CBJ','D'),(664,64,'BOS','BOS','RW'),(665,96,'COL','COL','RW'),(666,49,'CAR','CAR','C'),(667,70,'CHI','CHI','C/LW'),(668,18,'STL','STL','RW'),(669,92,'FLA','FLA','C'),(670,21,'CGY','CGY','LW/RW'),(671,24,'PHI','PHI','RW/LW'),(672,75,'STL','STL','RW'),(673,22,'COL','COL','D'),(674,37,'FLA','FLA','D'),(675,4,'MIN','MIN','D'),(676,8,'EDM','EDM','D'),(677,23,'BUF','BUF','C/RW'),(678,71,'COL','COL','RW'),(679,63,'NSH','NSH','C'),(680,17,'DET','DET','C'),(681,10,'WSH','WSH','C/LW'),(682,12,'ARI','ARI','RW/C'),(683,8,'ARI','ARI','RW/C'),(684,44,'TOR','TOR','D'),(685,36,'BOS','BOS','C/LW/RW'),(686,55,'BUF','BUF','D'),(687,25,'DAL','DAL','RW'),(688,37,'ANA','ANA','LW'),(689,55,'OTT','OTT','RW'),(690,71,'BUF','BUF','LW'),(691,21,'DAL','DAL','LW'),(692,32,'CHI','CHI','D'),(693,5,'BUF','BUF','D'),(694,5,'CHI','CHI','D'),(695,2,'DAL','CGY, DAL','D'),(696,17,'PIT','PIT','RW'),(697,15,'NJD','NJD','LW/RW'),(698,6,'OTT','OTT','RW/LW'),(699,33,'CAR','CAR','C'),(700,21,'CBJ','CBJ','LW'),(701,20,'CBJ','CBJ','LW/RW'),(702,20,'NSH','NSH','RW/LW'),(703,25,'ARI','ARI','D'),(704,38,'NJD','NJD','D'),(705,25,'ANA','ANA','C/RW'),(706,58,'CBJ','CBJ','D'),(707,5,'VAN','VAN','D'),(708,6,'MIN','MIN','D'),(709,22,'DAL','DAL','C/RW'),(710,59,'BUF','BUF','C/LW'),(711,55,'WPG','WPG','C'),(712,10,'PHI','PHI','C/LW'),(713,52,'LAK','PHI, LAK','D'),(714,8,'NJD','NJD','D'),(715,88,'WSH','WSH','D'),(716,10,'BUF','BUF','LW/RW'),(717,10,'MIN','MIN','C/RW'),(718,55,'LAK','LAK','D'),(719,4,'PIT','EDM, PIT','D'),(720,55,'PHI','PHI','D'),(721,17,'STL','STL','LW/C'),(722,22,'MTL','ARI, MTL','LW/D'),(723,7,'LAK','PIT, CHI, LAK','D'),(724,7,'CHI','CHI','D'),(725,22,'VAN','VAN','LW'),(726,33,'VAN','VAN','C'),(727,91,'DAL','DAL','C/RW'),(728,44,'BOS','BOS','D'),(729,36,'ARI','ANA, CHI, ARI','LW/C'),(730,2,'EDM','EDM','D'),(731,42,'ARI','ARI','LW'),(732,13,'MTL','MTL','RW'),(733,47,'PIT','PIT','LW'),(734,28,'NJD','NJD','D'),(735,77,'ANA','ANA','C'),(736,10,'DAL','DAL','LW'),(737,22,'STL','STL','D'),(738,65,'CHI','CHI','RW/C'),(739,48,'FLA','FLA','RW'),(740,15,'DET','DET','C'),(741,43,'PIT','PIT','LW'),(742,49,'CGY','VAN, CGY','C/LW'),(743,17,'DAL','DAL','C'),(744,22,'CGY','CGY','C/RW'),(745,21,'LAK','LAK','C'),(746,50,'CGY','CGY','D'),(747,33,'ANA','ANA','RW/LW'),(748,23,'WSH','WSH','C/LW'),(749,17,'PHI','PHI','RW/LW'),(750,49,'PIT','PIT','C'),(751,46,'NJD','NJD','RW'),(752,10,'NSH','NSH','C/RW'),(753,8,'COL','COL','RW/LW'),(754,53,'CAR','CAR','LW'),(755,76,'NYR','NYR','D'),(756,74,'CAR','CAR','D'),(757,42,'EDM','EDM','LW'),(758,15,'CGY','CGY','D'),(759,26,'TOR','SJS, TOR','RW/C'),(760,2,'DET','DET','D'),(761,15,'NSH','NSH','RW'),(762,18,'FLA','FLA','RW/LW'),(763,15,'OTT','OTT','C/LW'),(764,25,'NJD','MTL, NJD','RW/C'),(765,34,'COL','COL','C'),(766,41,'TOR','TOR','RW'),(767,16,'SJS','TOR, SJS','C/LW'),(768,90,'DAL','DAL','C'),(769,51,'BOS','BOS','C/LW'),(770,41,'PIT','PIT','RW'),(771,46,'MIN','MIN','D'),(772,12,'NYR','CAR, NYR','C/LW'),(773,11,'CAR','CAR','C'),(774,18,'NYR','NYR','D'),(775,12,'WPG','WPG','RW/C'),(776,18,'CGY','CGY','C'),(777,25,'NYR','NYR','LW/RW'),(778,91,'TBL','TBL','C/RW'),(779,20,'WSH','WSH','D'),(780,26,'STL','STL','C'),(781,20,'STL','STL','LW/C'),(782,20,'BOS','NJD, BOS','RW'),(783,21,'NYR','NYR','C'),(784,18,'WSH','WSH','C'),(785,29,'ANA','ANA','RW'),(786,19,'MIN','NYR, MIN','C'),(787,61,'OTT','OTT','RW'),(788,26,'ARI','ARI','D'),(789,3,'ANA','ANA','D'),(790,28,'MIN','MIN','D'),(791,37,'NYI','NYI','D'),(792,6,'TBL','TBL','D'),(793,10,'COL','COL','C'),(794,32,'PHI','PHI','D'),(795,18,'NYI','NYI','RW/C'),(796,17,'COL','COL','D'),(797,5,'WPG','WPG','D'),(798,76,'MTL','MTL','D'),(799,NULL,'NYR','NYR','D'),(800,40,'PIT','PIT','C/RW'),(801,62,'TBL','TBL','D'),(802,20,'MIN','MIN','D'),(803,21,'VAN','VAN','C'),(804,48,'CAR','CAR','C'),(805,43,'CHI','CHI','D'),(806,25,'BOS','BOS','C'),(807,13,'WPG','WPG','LW'),(808,8,'VAN','VAN','D'),(809,49,'DET','DET','LW'),(810,40,'ARI','COL, ARI','LW/RW'),(811,20,'TBL','TBL','D'),(812,91,'STL','STL','RW'),(813,21,'DET','DET','LW/RW'),(814,91,'NYI','NYI','C'),(815,80,'SJS','SJS','D'),(816,86,'CHI','CHI','C'),(817,25,'CAR','CAR','LW/RW'),(818,53,'ANA','ANA','D'),(819,38,'ARI','MTL, ARI','LW/RW'),(820,44,'ANA','ANA','C'),(821,45,'NJD','NJD','RW'),(822,22,'WPG','WPG','RW/LW'),(823,19,'SJS','SJS','C'),(824,22,'FLA','FLA','LW/RW'),(825,50,'SJS','SJS','C'),(826,9,'ARI','CHI, ARI','RW/C'),(827,28,'ARI','MTL, ARI','D'),(828,9,'NJD','NJD','LW/RW'),(829,19,'CHI','CHI','C'),(830,73,'LAK','LAK','C/RW/LW'),(831,61,'CAR','CAR','LW'),(832,22,'NJD','NJD','RW'),(833,21,'FLA','FLA','C'),(834,62,'BOS','BOS','D'),(835,8,'WPG','WPG','D'),(836,88,'VAN','VAN','D'),(837,7,'OTT','OTT','C'),(838,51,'CBJ','CBJ','D'),(839,20,'PHI','PHI','C/LW/RW'),(840,10,'STL','STL','RW/LW'),(841,29,'TOR','TOR','D'),(842,21,'TOR','TOR','LW'),(843,57,'CHI','CHI','D'),(844,76,'PHI','PHI','C'),(845,26,'MIN','MIN','LW/RW'),(846,22,'OTT','BUF, OTT','C/LW'),(847,45,'ANA','ANA','D'),(848,72,'BOS','BOS','C'),(849,50,'ARI','ARI','C'),(850,47,'TBL','TBL','RW'),(851,10,'LAK','CAR, LAK','RW/LW'),(852,7,'VAN','VAN','RW/C'),(853,18,'VAN','VAN','RW/LW'),(854,14,'ARI','ARI','C/RW'),(855,44,'SJS','SJS','D'),(856,93,'PHI','PHI','RW'),(857,17,'VAN','VAN','RW'),(858,62,'ANA','ANA, COL, ANA','C/RW'),(859,42,'SJS','SJS','RW'),(860,47,'NJD','PIT, NJD','D'),(861,51,'NSH','NSH','LW/C/RW'),(862,19,'PHI','LAK, PHI','C'),(863,6,'WSH','BUF, WSH','D'),(864,6,'NSH','NSH','D'),(865,6,'VAN','VAN','D'),(866,25,'CHI','MTL, CHI','RW'),(867,46,'STL','STL','C/LW'),(868,41,'CBJ','CBJ','C'),(869,26,'WPG','WPG','RW'),(870,25,'PHI','PHI','C/RW'),(871,45,'OTT','OTT','D'),(872,6,'CGY','CGY','D'),(873,46,'OTT','OTT','D'),(874,14,'WSH','WSH','RW'),(875,33,'NSH','NSH','LW/C'),(876,28,'FLA','FLA','LW'),(877,23,'PIT','PIT','LW/C'),(878,43,'WSH','WSH','RW'),(879,57,'SJS','SJS','C/RW/LW'),(880,26,'WSH','TOR, WSH','LW/C'),(881,21,'CAR','CAR','D'),(882,53,'TBL','TBL','D'),(883,44,'NJD','NJD','LW'),(884,56,'CAR','CAR','LW/C'),(885,26,'CGY','CGY','D'),(886,10,'EDM','EDM','RW/LW'),(887,93,'NYR','NYR','D'),(888,37,'NJD','NJD','C'),(889,16,'COL','COL','D'),(890,19,'NJD','NJD','C'),(891,40,'VAN','VAN','LW'),(892,40,'DET','DET','LW/C'),(893,93,'OTT','OTT','C'),(894,28,'NYI','NYI','D'),(895,41,'ANA','ANA','C/LW'),(896,9,'SJS','SJS','C/LW'),(897,36,'NYR','NYR','RW/LW'),(898,16,'MIN','MIN','LW/RW');
/*!40000 ALTER TABLE `player_team` ENABLE KEYS */;
UNLOCK TABLES;

--
-- Table structure for table `players`
--

DROP TABLE IF EXISTS `players`;
/*!40101 SET @saved_cs_client     = @@character_set_client */;
/*!40101 SET character_set_client = utf8 */;
CREATE TABLE `players` (
  `id_player` int(10) unsigned NOT NULL AUTO_INCREMENT,
  `first_name` varchar(45) COLLATE utf8_unicode_ci NOT NULL,
  `last_name` varchar(45) COLLATE utf8_unicode_ci NOT NULL,
  `date_of_birth` date NOT NULL,
  `birth_city` varchar(30) COLLATE utf8_unicode_ci NOT NULL,
  `state` varchar(2) COLLATE utf8_unicode_ci DEFAULT NULL,
  `country` varchar(30) COLLATE utf8_unicode_ci DEFAULT NULL,
  `nationality` varchar(20) COLLATE utf8_unicode_ci DEFAULT NULL,
  PRIMARY KEY (`id_player`),
  UNIQUE KEY `id_player_UNIQUE` (`id_player`)
) ENGINE=InnoDB AUTO_INCREMENT=899 DEFAULT CHARSET=utf8 COLLATE=utf8_unicode_ci;
/*!40101 SET character_set_client = @saved_cs_client */;

--
-- Dumping data for table `players`
--

LOCK TABLES `players` WRITE;
/*!40000 ALTER TABLE `players` DISABLE KEYS */;
INSERT INTO `players` VALUES (1,'Justin','Abdelkader','1987-02-25','Muskegon','MI','USA','USA'),(2,'Noel','Acciari','1991-12-01','Johnston','RI','USA','USA'),(3,'Kenny','Agostino','1992-04-30','Morristown','NJ','USA','USA'),(4,'Andrew','Agozzino','1991-01-03','Kleinburg','ON','CAN','CAN'),(5,'Karl','Alzner','1988-09-24','Burnaby','BC','CAN','CAN'),(6,'Josh','Anderson','1994-05-07','Burlington','ON','CAN','CAN'),(7,'Joakim','Andersson','1989-02-05','Munkedal','','SWE','SWE'),(8,'Andy','Andreoff','1991-05-17','Pickering','ON','CAN','CAN'),(9,'Sven','Andrighetto','1993-03-21','Zurich','','CHE','CHE'),(10,'Mike','Angelidis','1985-06-27','Woodbridge','ON','CAN','CAN'),(11,'Artem','Anisimov','1988-05-24','Yaroslavl','','RUS','RUS'),(12,'Josh','Archibald','1992-10-06','Regina','SK','CAN','CAN'),(13,'Mark','Arcobello','1988-08-12','Milford','CT','USA','USA'),(14,'Joel','Armia','1993-05-31','Pori','','FIN','FIN'),(15,'Viktor','Arvidsson','1993-04-08','Skellefte','','SWE','SWE'),(16,'Andreas','Athanasiou','1994-08-06','London','ON','CAN','CAN'),(17,'Cam','Atkinson','1989-06-05','Riverside','CT','USA','USA'),(18,'David','Backes','1984-05-01','Minneapolis','MN','USA','USA'),(19,'Mikael','Backlund','1989-03-17','Vasteras','','SWE','SWE'),(20,'Nicklas','Backstrom','1987-11-23','Gvle','','SWE','SWE'),(21,'Sven','Baertschi','1992-10-05','Bern','','CHE','CHE'),(22,'Josh','Bailey','1989-10-02','Bowmanville','ON','CAN','CAN'),(23,'Justin','Bailey','1995-07-01','Buffalo','NY','USA','USA'),(24,'Mark','Barberio','1990-03-23','Montreal','QC','CAN','CAN'),(25,'Aleksander','Barkov','1995-09-02','Tampere','','FIN','FIN'),(26,'Tyson','Barrie','1991-07-26','Victoria','BC','CAN','CAN'),(27,'Matt','Bartkowski','1988-06-04','Pittsburgh','PA','USA','USA'),(28,'Victor','Bartley','1988-02-17','Ottawa','ON','CAN','CAN'),(29,'Cody','Bass','1987-01-07','Owen Sound','ON','CAN','CAN'),(30,'Kyle','Baun','1992-05-04','Toronto','ON','CAN','CAN'),(31,'Jay','Beagle','1985-10-16','Calgary','AB','CAN','CAN'),(32,'Francois','Beauchemin','1980-06-04','Sorel','QC','CAN','CAN'),(33,'Nathan','Beaulieu','1992-12-05','Strathroy','ON','CAN','CAN'),(34,'Taylor','Beck','1991-05-13','St. Catharines','ON','CAN','CAN'),(35,'Matt','Beleskey','1988-06-07','Windsor','ON','CAN','CAN'),(36,'Pierre-Edouard','Bellemare','1985-03-06','Le Blanc-Mesnil','','FRA','FRA'),(37,'Jamie','Benn','1989-07-18','Victoria','BC','CAN','CAN'),(38,'Jordie','Benn','1987-07-26','Victoria','BC','CAN','CAN'),(39,'Beau','Bennett','1991-11-27','Gardena','CA','USA','USA'),(40,'Sam','Bennett','1996-06-20','Holland Landing','ON','CAN','CAN'),(41,'Andre','Benoit','1984-01-06','St. Albert','ON','CAN','CAN'),(42,'Patrice','Bergeron','1985-07-24','Ancienne-Lorette','QC','CAN','CAN'),(43,'Patrik','Berglund','1988-06-02','Vsters','','SWE','SWE'),(44,'Steve','Bernier','1985-03-31','Quebec City','QC','CAN','CAN'),(45,'Christoph','Bertschy','1994-04-05','Fribourg','','CHE','CHE'),(46,'Bryan','Bickell','1986-03-09','Bowmanville','ON','CAN','CAN'),(47,'Alex','Biega','1988-04-04','Montreal','QC','CAN','CAN'),(48,'Kevin','Bieksa','1981-06-16','Grimsby','ON','CAN','CAN'),(49,'Chris','Bigras','1995-02-22','Orillia','ON','CAN','CAN'),(50,'Anthony','Bitetto','1990-07-15','Island Park','NY','USA','USA'),(51,'Oliver','Bjorkstrand','1995-04-10','Herning','','DNK','DNK'),(52,'Nick','Bjugstad','1992-07-17','Minneapolis','MN','USA','USA'),(53,'Joseph','Blandisi','1994-07-18','Markham','ON','CAN','CAN'),(54,'Mike','Blunden','1986-12-15','Toronto','ON','CAN','CAN'),(55,'Andrew','Bodnarchuk','1988-07-11','Drumheller','AB','CAN','CAN'),(56,'Mikkel','Boedker','1989-12-16','Brondby','','DNK','DNK'),(57,'Zach','Bogosian','1990-07-15','Massena','NY','USA','USA'),(58,'Jared','Boll','1986-05-13','Charlotte','NC','USA','USA'),(59,'Dave','Bolland','1986-06-05','Mimico','ON','CAN','CAN'),(60,'Brandon','Bollig','1987-01-31','St. Charles','MO','USA','USA'),(61,'Nick','Bonino','1988-04-20','Hartford','CT','USA','USA'),(62,'Mark','Borowiecki','1989-07-12','Ottawa','ON','CAN','CAN'),(63,'Robert','Bortuzzo','1989-03-18','Thunder Bay','ON','CAN','CAN'),(64,'Reid','Boucher','1993-09-08','Lansing','MI','USA','USA'),(65,'Eric','Boulton','1976-08-17','Halifax','NS','CAN','CAN'),(66,'Lance','Bouma','1990-03-25','Provost','AB','CAN','CAN'),(67,'Gabriel','Bourque','1990-09-23','Rimouski','QC','CAN','CAN'),(68,'Rene','Bourque','1981-12-10','Lac La Biche','AB','CAN','CAN'),(69,'Jay','Bouwmeester','1983-09-27','Edmonton','AB','CAN','CAN'),(70,'Johnny','Boychuk','1984-01-19','Edmonton','AB','CAN','CAN'),(71,'Brad','Boyes','1982-04-17','Mississauga','ON','CAN','CAN'),(72,'Brian','Boyle','1984-12-18','Hingham','MA','USA','USA'),(73,'Dan','Boyle','1976-07-12','Ottawa','ON','CAN','CAN'),(74,'Tyler','Bozak','1986-03-19','Regina','SK','CAN','CAN'),(75,'Derick','Brassard','1987-09-22','Hull','QC','CAN','CAN'),(76,'Justin','Braun','1987-02-10','Minneapolis','MN','USA','USA'),(77,'TJ','Brennan','1989-04-03','Willingboro','NJ','USA','USA'),(78,'Connor','Brickley','1992-02-25','Everett','MA','USA','USA'),(79,'TJ','Brodie','1990-06-07','Chatham','ON','CAN','CAN'),(80,'Jonas','Brodin','1993-07-12','Karlstad','','SWE','SWE'),(81,'Kyle','Brodziak','1984-05-25','St. Paul','AB','CAN','CAN'),(82,'Troy','Brouwer','1985-08-17','Vancouver','BC','CAN','CAN'),(83,'Chris','Brown','1991-02-03','Flower Mound','TX','USA','USA'),(84,'Connor','Brown','1994-01-14','Toronto','ON','CAN','CAN'),(85,'Dustin','Brown','1984-11-04','Ithaca','NY','USA','USA'),(86,'J.T.','Brown','1990-07-02','Burnsville','MN','USA','USA'),(87,'Mike','Brown','1985-06-24','Chicago','IL','USA','USA'),(88,'Patrick','Brown','1992-05-29','Bloomfield Hills','MI','USA','USA'),(89,'Brett','Bulmer','1992-04-26','Prince George','BC','CAN','CAN'),(90,'Andre','Burakovsky','1995-02-09','Klagenfurt','','AUT','SWE'),(91,'Alexander','Burmistrov','1991-10-21','Kazan','','RUS','RUS'),(92,'Brent','Burns','1985-03-09','Barrie','ON','CAN','CAN'),(93,'Alexandre','Burrows','1981-04-11','Pincourt','QC','CAN','CAN'),(94,'Chris','Butler','1986-10-27','St. Louis','MO','USA','USA'),(95,'Dustin','Byfuglien','1985-03-27','Roseau','MN','USA','USA'),(96,'Paul','Byron','1989-04-27','Ottawa','ON','CAN','CAN'),(97,'Ryan','Callahan','1985-03-21','Rochester','NY','USA','USA'),(98,'Matt','Calvert','1989-12-24','Brandon','MB','CAN','CAN'),(99,'Michael','Cammalleri','1982-06-08','Toronto','ON','CAN','CAN'),(100,'Andrew','Campbell','1988-02-04','Caledonia','ON','CAN','CAN'),(101,'Brian','Campbell','1979-05-23','Strathroy','ON','CAN','CAN'),(102,'Gregory','Campbell','1983-12-17','London','ON','CAN','CAN'),(103,'Paul','Carey','1988-09-24','Boston','MA','USA','USA'),(104,'Matthew','Carle','1984-09-25','Anchorage','AK','USA','USA'),(105,'John','Carlson','1990-01-10','Natick','MA','USA','USA'),(106,'Jordan','Caron','1990-11-02','Sayabec','QC','CAN','CAN'),(107,'Ryan','Carpenter','1991-01-18','Oviedo','FL','USA','USA'),(108,'Daniel','Carr','1991-11-01','Sherwood Park','AB','CAN','CAN'),(109,'Connor','Carrick','1994-04-13','Orland Park','IL','USA','USA'),(110,'Sam','Carrick','1992-02-04','Markham','ON','CAN','CAN'),(111,'Trevor','Carrick','1994-07-04','Stouffville','ON','CAN','CAN'),(112,'Jeff','Carter','1985-01-01','London','ON','CAN','CAN'),(113,'Ryan','Carter','1983-08-03','White Bear Lake','MN','USA','USA'),(114,'Daniel','Catenacci','1993-03-09','Richmond Hill','ON','CAN','CAN'),(115,'Cody','Ceci','1993-12-21','Ottawa','ON','CAN','CAN'),(116,'Michael','Chaput','1992-04-09','Ile Bizard','QC','CAN','CAN'),(117,'Zdeno','Chara','1977-03-18','Trencin','','SVK','SVK'),(118,'Ben','Chiarot','1991-05-09','Hamilton','ON','CAN','CAN'),(119,'Alex','Chiasson','1990-10-01','Montreal','QC','CAN','CAN'),(120,'Jason','Chimera','1979-05-02','Edmonton','AB','CAN','CAN'),(121,'Kyle','Chipchura','1986-02-19','Westlock','AB','CAN','CAN'),(122,'Taylor','Chorney','1987-04-27','Thunder Bay','ON','CAN','USA'),(123,'Casey','Cizikas','1991-02-27','Toronto','ON','CAN','CAN'),(124,'Fredrik','Claesson','1992-11-24','Stockholm','','SWE','SWE'),(125,'David','Clarkson','1984-03-31','Toronto','ON','CAN','CAN'),(126,'Adam','Clendening','1992-10-26','Niagara Falls','NY','USA','USA'),(127,'Kyle','Clifford','1991-01-13','Ayr','ON','CAN','CAN'),(128,'Rich','Clune','1987-04-25','Toronto','ON','CAN','CAN'),(129,'Cal','Clutterbuck','1987-11-18','Welland','ON','CAN','CAN'),(130,'Braydon','Coburn','1985-02-27','Shaunavon','SK','CAN','CAN'),(131,'Andrew','Cogliano','1987-06-14','Toronto','ON','CAN','CAN'),(132,'Carlo','Colaiacovo','1983-01-27','Toronto','ON','CAN','CAN'),(133,'Joe','Colborne','1990-01-30','Calgary','AB','CAN','CAN'),(134,'Ian','Cole','1989-02-21','Ann Arbor','MI','USA','USA'),(135,'Sean','Collins','1988-12-29','Saskatoon','SK','CAN','CAN'),(136,'Blake','Comeau','1986-02-18','Meadow Lake','SK','CAN','CAN'),(137,'Erik','Condra','1986-08-06','Trenton','MI','USA','USA'),(138,'Kevin','Connauton','1990-02-23','Edmonton','AB','CAN','CAN'),(139,'Brett','Connolly','1992-05-02','Campbell River','BC','CAN','CAN'),(140,'Andrew','Copp','1994-07-08','Ann Arbor','MI','USA','USA'),(141,'Patrice','Cormier','1990-06-14','Moncton','NB','CAN','CAN'),(142,'Frank','Corrado','1993-03-26','Toronto','ON','CAN','CAN'),(143,'Nick','Cousins','1993-07-20','Belleville','ON','CAN','CAN'),(144,'Logan','Couture','1989-03-28','Guelph','ON','CAN','CAN'),(145,'Sean','Couturier','1992-12-07','Phoenix','AZ','USA','CAN'),(146,'Jared','Cowen','1991-01-25','Saskatoon','SK','CAN','CAN'),(147,'Charlie','Coyle','1992-03-02','E. Weymouth','MA','USA','USA'),(148,'Adam','Cracknell','1985-07-15','Prince Albert','SK','CAN','CAN'),(149,'Sidney','Crosby','1987-08-07','Cole Harbour','NS','CAN','CAN'),(150,'Tommy','Cross','1989-09-12','Hartford','CT','USA','USA'),(151,'Matt','Cullen','1976-11-02','Virginia','MN','USA','USA'),(152,'Craig','Cunningham','1990-09-13','Trail','BC','CAN','CAN'),(153,'Klas','Dahlbeck','1991-07-06','Katrineholm','','SWE','SWE'),(154,'Trevor','Daley','1983-10-09','Toronto','ON','CAN','CAN'),(155,'Zac','Dalpe','1989-11-01','Paris','ON','CAN','CAN'),(156,'Phillip','Danault','1993-02-24','Victoriaville','QC','CAN','CAN'),(157,'Marko','Dano','1994-11-30','Eisenstadt','','AUT','SVK'),(158,'Pavel','Datsyuk','1978-07-20','Sverdlovsk','','RUS','RUS'),(159,'Laurent','Dauphin','1995-03-27','Repenigny','QC','CAN','CAN'),(160,'Brandon','Davidson','1991-08-21','Lethbridge','AB','CAN','CAN'),(161,'Calvin','de Haan','1991-05-09','Carp','ON','CAN','CAN'),(162,'Jacob','De La Rose','1995-05-20','Arvika','','SWE','SWE'),(163,'Chase','De Leo','1995-10-25','La Mirada','CA','USA','USA'),(164,'Danny','DeKeyser','1990-03-07','Detroit','MI','USA','USA'),(165,'Michael','Del Zotto','1990-06-24','Stouffville','ON','CAN','CAN'),(166,'Dylan','DeMelo','1993-05-01','London','ON','CAN','CAN'),(167,'Jason','Demers','1988-06-09','Dorval','QC','CAN','CAN'),(168,'David','Desharnais','1986-09-14','Laurier-Station','QC','CAN','CAN'),(169,'Andrew','Desjardins','1986-07-27','Lively','ON','CAN','CAN'),(170,'Nicolas','Deslauriers','1991-02-22','LaSalle','QC','CAN','CAN'),(171,'Simon','Despres','1991-07-27','Laval','QC','CAN','CAN'),(172,'Phillip','Di Giuseppe','1993-10-09','Toronto','ON','CAN','CAN'),(173,'Jason','Dickinson','1995-07-04','Georgetown','ON','CAN','CAN'),(174,'Darren','Dietz','1993-07-17','Medicine Hat','AB','CAN','CAN'),(175,'Brenden','Dillon','1990-11-13','New Westminster','BC','CAN','CAN'),(176,'Shane','Doan','1976-10-10','Halkirk','AB','CAN','CAN'),(177,'Max','Domi','1995-03-02','Winnipeg','MB','CAN','CAN'),(178,'Joonas','Donskoi','1992-04-13','Raahe','','FIN','FIN'),(179,'Derek','Dorsett','1986-12-20','Kindersley','SK','CAN','CAN'),(180,'Drew','Doughty','1989-12-08','London','ON','CAN','CAN'),(181,'Nic','Dowd','1990-05-27','Huntsville','AL','USA','USA'),(182,'Steve','Downie','1987-04-03','Newmarket','ON','CAN','CAN'),(183,'Leon','Draisaitl','1995-10-27','Cologne','','DEU','DEU'),(184,'Jonathan','Drouin','1995-03-28','Ste-Agathe','QC','CAN','CAN'),(185,'Brandon','Dubinsky','1986-04-29','Anchorage','AK','USA','USA'),(186,'Matt','Duchene','1991-01-16','Haliburton','ON','CAN','CAN'),(187,'Anthony','Duclair','1995-08-26','Pointe-Claire','QC','CAN','CAN'),(188,'Matt','Dumba','1994-07-25','Regina','SK','CAN','CAN'),(189,'Brian','Dumoulin','1991-09-06','Biddeford','ME','USA','USA'),(190,'Pascal','Dupuis','1979-04-07','Laval','QC','CAN','CAN'),(191,'Ryan','Dzingel','1992-03-09','Wheaton','IL','USA','USA'),(192,'Dave','Dziurzynski','1989-10-06','Lloydminster','AB','CAN','CAN'),(193,'Cody','Eakin','1991-05-24','Winnipeg','MB','CAN','CAN'),(194,'Patrick','Eaves','1984-05-01','Calgary','AB','CAN','USA'),(195,'Jordan','Eberle','1990-05-15','Regina','SK','CAN','CAN'),(196,'Alexander','Edler','1986-04-21','Ostersund','','SWE','SWE'),(197,'Joel','Edmundson','1993-06-28','Brandon','MB','CAN','CAN'),(198,'Nikolaj','Ehlers','1996-02-14','Aalborg','','DNK','DNK'),(199,'Christian','Ehrhoff','1982-07-06','Moers','','DEU','DEU'),(200,'Jack','Eichel','1996-10-28','North Chelmsford','MA','USA','USA'),(201,'Aaron','Ekblad','1996-02-07','Windsor','ON','CAN','CAN'),(202,'Mattias','Ekholm','1990-05-24','Borlange','','SWE','SWE'),(203,'Oliver','Ekman-Larsson','1991-07-17','Karlskrona','','SWE','SWE'),(204,'Patrik','Elias','1976-04-13','Trebic','','CZE','CZE'),(205,'Lars','Eller','1989-05-08','Rodovre','','DNK','DNK'),(206,'Stefan','Elliott','1991-01-30','Vancouver','BC','CAN','CAN'),(207,'Morgan','Ellis','1992-04-30','Summerside','PE','CAN','CAN'),(208,'Ryan','Ellis','1991-01-03','Hamilton','ON','CAN','CAN'),(209,'Turner','Elson','1992-09-13','New Westminster','BC','CAN','CAN'),(210,'Alexei','Emelin','1986-04-25','Togliatti','','RUS','RUS'),(211,'Deryk','Engelland','1982-04-03','Edmonton','AB','CAN','CAN'),(212,'Tyler','Ennis','1989-10-06','Edmonton','AB','CAN','CAN'),(213,'Toby','Enstrom','1984-11-05','Nordingra','','SWE','SWE'),(214,'Jonathan','Ericsson','1984-03-02','Karlskrona','','SWE','SWE'),(215,'Loui','Eriksson','1985-07-17','Goteborg','','SWE','SWE'),(216,'Emerson','Etem','1992-06-16','Long Beach','CA','USA','USA'),(217,'Dennis','Everberg','1991-12-31','Vasteras','','SWE','SWE'),(218,'Robby','Fabbri','1996-01-22','Mississauga','ON','CAN','CAN'),(219,'Radek','Faksa','1994-01-09','Vitkov','','CZE','CZE'),(220,'Justin','Falk','1988-10-11','Snowflake','MB','CAN','CAN'),(221,'Bobby','Farnham','1989-01-21','North Andover','MA','USA','USA'),(222,'Hudson','Fasching','1995-07-28','Milwaukee','WI','USA','USA'),(223,'Jesper','Fast','1991-12-02','Nassjo','','SWE','SWE'),(224,'Justin','Faulk','1992-03-20','South St.Paul','MN','USA','USA'),(225,'Mark','Fayne','1987-05-15','Nashua','NH','USA','USA'),(226,'Taylor','Fedun','1988-06-04','Edmonton','AB','CAN','CAN'),(227,'Eric','Fehr','1985-09-07','Winkler','MB','CAN','CAN'),(228,'Andrew','Ference','1979-03-17','Edmonton','AB','CAN','CAN'),(229,'Micheal','Ferland','1992-04-20','Swan River','MB','CAN','CAN'),(230,'Landon','Ferraro','1991-08-08','Trail','BC','CAN','CAN'),(231,'Kevin','Fiala','1996-07-22','St. Gallen','','CHE','CHE'),(232,'Vernon','Fiddler','1980-05-09','Edmonton','AB','CAN','CAN'),(233,'Valtteri','Filppula','1984-03-20','Vantaa','','FIN','FIN'),(234,'Mike','Fisher','1980-06-05','Peterborough','ON','CAN','CAN'),(235,'Tomas','Fleischmann','1984-05-16','Koprivnice','','CZE','CZE'),(236,'Brian','Flynn','1988-07-26','Lynnfield','MA','USA','USA'),(237,'Marcus','Foligno','1991-08-10','Buffalo','NY','USA','CAN'),(238,'Nick','Foligno','1987-10-31','Buffalo','NY','USA','USA'),(239,'Christian','Folin','1991-02-09','Gothenburg','','SWE','SWE'),(240,'Justin','Fontaine','1987-11-06','Bonnyville','AB','CAN','CAN'),(241,'Derek','Forbort','1992-03-04','Duluth','MN','USA','USA'),(242,'Filip','Forsberg','1994-08-13','Ostervala','','SWE','SWE'),(243,'Cam','Fowler','1991-12-05','Windsor','ON','CAN','USA'),(244,'Cody','Franson','1987-08-08','Sicamous','BC','CAN','CAN'),(245,'Johan','Franzen','1979-12-23','Vetlanda','','SWE','SWE'),(246,'Max','Friberg','1992-11-20','Skovde','','SWE','SWE'),(247,'Alex','Friesen','1991-01-30','St. Catharines','ON','CAN','CAN'),(248,'Byron','Froese','1991-03-12','Winkler','MB','CAN','CAN'),(249,'Michael','Frolik','1988-02-17','Kladno','','CZE','CZE'),(250,'Marian','Gaborik','1982-02-14','Trencin','','SVK','SVK'),(251,'Kurtis','Gabriel','1993-04-20','Newmarket','ON','CAN','CAN'),(252,'Sam','Gagner','1989-08-10','London','ON','CAN','CAN'),(253,'Alex','Galchenyuk','1994-02-12','Milwaukee','WI','USA','USA'),(254,'Stanislav','Galiev','1992-01-17','Moscow','','RUS','RUS'),(255,'Brendan','Gallagher','1992-05-06','Edmonton','AB','CAN','CAN'),(256,'Ryan','Garbutt','1985-08-12','Edmonton','AB','CAN','CAN'),(257,'Jake','Gardiner','1990-07-04','Minnetonka','MN','USA','USA'),(258,'Jason','Garrison','1984-11-13','White Rock','BC','CAN','CAN'),(259,'Tyler','Gaudet','1993-04-04','Hamilton','ON','CAN','CAN'),(260,'Johnny','Gaudreau','1993-08-13','Salem','NJ','USA','USA'),(261,'Brendan','Gaunce','1994-03-25','Sudbury','ON','CAN','CAN'),(262,'Paul','Gaustad','1982-02-03','Fargo','ND','USA','USA'),(263,'Frederik','Gauthier','1995-04-26','St-Lin','QC','CAN','CAN'),(264,'Luke','Gazdic','1989-07-25','Toronto','ON','CAN','CAN'),(265,'Eric','Gelinas','1991-05-08','Vanier','ON','CAN','CAN'),(266,'Nathan','Gerbe','1987-07-24','Oxford','MI','USA','USA'),(267,'Ryan','Getzlaf','1985-05-10','Regina','SK','CAN','CAN'),(268,'Tom','Gilbert','1983-01-10','Bloomington','MN','USA','USA'),(269,'Brian','Gionta','1979-01-18','Rochester','NY','USA','USA'),(270,'Stephen','Gionta','1983-10-09','Rochester','NY','USA','USA'),(271,'Mark','Giordano','1983-10-03','Toronto','ON','CAN','CAN'),(272,'Dan','Girardi','1984-04-29','Welland','ON','CAN','CAN'),(273,'Zemgus','Girgensons','1994-01-05','Riga','','LVA','LVA'),(274,'Claude','Giroux','1988-01-12','Hearst','ON','CAN','CAN'),(275,'Tanner','Glass','1983-11-29','Regina','SK','CAN','CAN'),(276,'Luke','Glendening','1989-04-28','Grand Rapids','MI','USA','USA'),(277,'Nikolay','Goldobin','1995-10-07','Moscow','','RUS','RUS'),(278,'Alex','Goligoski','1985-07-30','Grand Rapids','MN','USA','USA'),(279,'Cody','Goloubef','1989-11-30','Mississauga','ON','CAN','CAN'),(280,'Scott','Gomez','1979-12-23','Anchorage','AK','USA','USA'),(281,'Barclay','Goodrow','1993-02-26','Toronto','ON','CAN','CAN'),(282,'Boyd','Gordon','1983-10-19','Unity','SK','CAN','CAN'),(283,'Josh','Gorges','1984-08-14','Kelowna','BC','CAN','CAN'),(284,'Brandon','Gormley','1992-02-18','Murray River','PE','CAN','CAN'),(285,'Shayne','Gostisbehere','1993-04-20','Pembroke Pines','FL','USA','USA'),(286,'Yanni','Gourde','1991-12-15','Saint-Narcisse','QC','CAN','CAN'),(287,'Michael','Grabner','1987-10-05','Villach','','AUT','AUT'),(288,'Mikhail','Grabovski','1984-01-31','Potsdam','','DEU','BLR'),(289,'Marc-Andre','Gragnani','1987-03-11','Montreal','QC','CAN','CAN'),(290,'Petter','Granberg','1992-08-27','Gallivare','','SWE','SWE'),(291,'Markus','Granlund','1993-04-16','Oulu','','FIN','FIN'),(292,'Mikael','Granlund','1992-02-26','Oulu','','FIN','FIN'),(293,'Alex','Grant','1989-01-20','Antigonish','NS','CAN','CAN'),(294,'Derek','Grant','1990-04-20','Abbotsford','BC','CAN','CAN'),(295,'Tyler','Graovac','1993-04-27','Brampton','ON','CAN','CAN'),(296,'Kevin','Gravel','1992-03-06','Kingsford','MI','USA','USA'),(297,'Mike','Green','1985-10-12','Calgary','AB','CAN','CAN'),(298,'Andy','Greene','1982-10-30','Trenton','MI','USA','USA'),(299,'Matt','Greene','1983-05-13','Grand Ledge','MI','USA','USA'),(300,'Colin','Greening','1986-03-09','St. John\'s','NL','CAN','CAN'),(301,'Alexandre','Grenier','1991-09-05','Laval','QC','CAN','CAN'),(302,'Seth','Griffith','1993-01-04','Wallaceburg','ON','CAN','CAN'),(303,'Mikhail','Grigorenko','1994-05-16','Khabarovsk','','RUS','RUS'),(304,'Rocco','Grimaldi','1993-02-08','Anaheim','CA','USA','USA'),(305,'Nicklas','Grossmann','1985-01-22','Stockholm','','SWE','SWE'),(306,'Eric','Gryba','1988-04-14','Saskatoon','SK','CAN','CAN'),(307,'Radko','Gudas','1990-06-05','Prague','','CZE','CZE'),(308,'Erik','Gudbranson','1992-01-07','Ottawa','ON','CAN','CAN'),(309,'Nate','Guenin','1982-12-10','Aliquippa','PA','USA','USA'),(310,'Carl','Gunnarsson','1986-11-09','Orebro','','SWE','SWE'),(311,'Erik','Gustafsson','1992-03-14','Nynashamn','','SWE','SWE'),(312,'Carl','Hagelin','1988-08-23','Sodertalje','','SWE','SWE'),(313,'Ron','Hainsey','1981-03-24','Bolton','CT','USA','USA'),(314,'Micheal','Haley','1986-03-30','Guelph','ON','CAN','CAN'),(315,'Matt','Halischuk','1988-06-01','Toronto','ON','CAN','CAN'),(316,'Taylor','Hall','1991-11-14','Calgary','AB','CAN','CAN'),(317,'Dan','Hamhuis','1982-12-13','Smithers','BC','CAN','CAN'),(318,'Dougie','Hamilton','1993-06-17','Toronto','ON','CAN','CAN'),(319,'Freddie','Hamilton','1992-01-01','Toronto','ON','CAN','CAN'),(320,'Travis','Hamonic','1990-08-16','St. Malo','MB','CAN','CAN'),(321,'Noah','Hanifin','1997-01-25','Boston','MA','USA','USA'),(322,'Joel','Hanley','1991-06-08','Keswick','ON','CAN','CAN'),(323,'Markus','Hannikainen','1993-03-26','Helsinki','','FIN','FIN'),(324,'Jannik','Hansen','1986-03-15','Rdovre','','DNK','DNK'),(325,'Martin','Hanzal','1987-02-20','Pisek','','CZE','CZE'),(326,'Ben','Harpur','1995-01-12','Hamilton','ON','CAN','CAN'),(327,'Scott','Harrington','1993-03-10','Kingston','ON','CAN','CAN'),(328,'Ryan','Hartman','1994-09-20','Hilton Head Isl.','SC','USA','USA'),(329,'Scott','Hartnell','1982-04-18','Regina','SK','CAN','CAN'),(330,'Garnet','Hathaway','1991-11-23','Kennebunkport','ME','USA','USA'),(331,'Erik','Haula','1991-03-23','Pori','','FIN','FIN'),(332,'Martin','Havlat','1981-04-19','Mlada Boleslav','','CZE','CZE'),(333,'Jimmy','Hayes','1989-11-21','Boston','MA','USA','USA'),(334,'Kevin','Hayes','1992-05-08','Dorchester','MA','USA','USA'),(335,'Victor','Hedman','1990-12-18','Ornskoldsvik','','SWE','SWE'),(336,'Seth','Helgeson','1990-10-08','Faribault','MN','USA','USA'),(337,'Darren','Helm','1987-01-21','St. Andrews','MB','CAN','CAN'),(338,'Ales','Hemsky','1983-08-13','Pardubice','','CZE','CZE'),(339,'Matt','Hendricks','1981-06-17','Blaine','MN','USA','USA'),(340,'Adam','Henrique','1990-02-06','Brantford','ON','CAN','CAN'),(341,'Tomas','Hertl','1993-11-12','Praha','','CZE','CZE'),(342,'Thomas','Hickey','1989-02-08','Calgary','AB','CAN','CAN'),(343,'Chris','Higgins','1983-06-02','Smithtown','NY','USA','USA'),(344,'Vincent','Hinostroza','1994-04-03','Chicago','IL','USA','USA'),(345,'Niklas','Hjalmarsson','1987-06-06','Eksjo','','SWE','SWE'),(346,'Cody','Hodgson','1990-02-18','Toronto','ON','CAN','CAN'),(347,'Mike','Hoffman','1989-11-24','Kitchener','ON','CAN','CAN'),(348,'Nick','Holden','1987-05-15','St. Albert','AB','CAN','CAN'),(349,'Peter','Holland','1991-01-14','Toronto','ON','CAN','CAN'),(350,'Bud','Holloway','1988-03-01','Wapella','SK','CAN','CAN'),(351,'Korbinian','Holzer','1988-02-16','Munich','','DEU','DEU'),(352,'Shawn','Horcoff','1978-09-17','Trail','BC','CAN','CAN'),(353,'Patric','Hornqvist','1987-01-01','Sollentuna','','SWE','SWE'),(354,'Bo','Horvat','1995-04-05','London','ON','CAN','CAN'),(355,'Marian','Hossa','1979-01-12','Star Lubovna','','SVK','SVK'),(356,'Quinton','Howden','1992-01-21','Winnipeg','MB','CAN','CAN'),(357,'Marek','Hrivik','1991-08-28','Cadca','','SVK','SVK'),(358,'Jonathan','Huberdeau','1993-06-04','Saint-Jerome','QC','CAN','CAN'),(359,'Jiri','Hudler','1984-01-04','Olomouc','','CZE','CZE'),(360,'Charles','Hudon','1994-06-23','Alma','QC','CAN','CAN'),(361,'Brad','Hunt','1988-08-24','Maple Ridge','BC','CAN','CAN'),(362,'Matt','Hunwick','1985-05-21','Warren','MI','USA','USA'),(363,'Ben','Hutton','1993-04-20','Brockville','ON','CAN','CAN'),(364,'Zach','Hyman','1992-06-09','Toronto','ON','CAN','CAN'),(365,'Jarome','Iginla','1977-07-01','Edmonton','AB','CAN','CAN'),(366,'Matt','Irwin','1987-11-29','Victoria','BC','CAN','CAN'),(367,'Barret','Jackman','1981-03-05','Trail','BC','CAN','CAN'),(368,'Tim','Jackman','1981-11-14','Minot','ND','USA','USA'),(369,'Jaromir','Jagr','1972-02-15','Kladno','','CZE','CZE'),(370,'Mattias','Janmark','1992-12-08','Stockholm','','SWE','SWE'),(371,'Calle','Jarnkrok','1991-09-25','Gvle','','SWE','SWE'),(372,'Dmitrij','Jaskin','1993-03-23','Omsk','','RUS','CZE'),(373,'Dustin','Jeffrey','1988-02-27','Sarnia','ON','CAN','CAN'),(374,'Boone','Jenner','1993-06-15','Dorchester','ON','CAN','CAN'),(375,'Ryan','Johansen','1992-07-31','Vancouver','BC','CAN','CAN'),(376,'Marcus','Johansson','1990-10-06','Landskrona','','SWE','SWE'),(377,'Stephen','Johns','1992-04-18','Ellwood City','PA','USA','USA'),(378,'Erik','Johnson','1988-03-21','Bloomington','MN','USA','USA'),(379,'Jack','Johnson','1987-01-13','Indianapolis','IN','USA','USA'),(380,'Tyler','Johnson','1990-07-29','Spokane','WA','USA','USA'),(381,'Ross','Johnston','1994-02-18','Charlottetown','PE','CAN','CAN'),(382,'Ryan','Johnston','1992-02-14','Sudbury','ON','CAN','CAN'),(383,'Jussi','Jokinen','1983-04-01','Kalajoki','','FIN','FIN'),(384,'Jyrki','Jokipakka','1991-08-20','Tampere','','FIN','FIN'),(385,'David','Jones','1984-08-10','Guelph','ON','CAN','CAN'),(386,'Seth','Jones','1994-10-03','Arlington','TX','USA','USA'),(387,'Josh','Jooris','1990-07-14','Burlington','ON','CAN','CAN'),(388,'Michal','Jordan','1990-07-17','Zlin','','CZE','CZE'),(389,'Jacob','Josefson','1991-03-02','Stockholm','','SWE','SWE'),(390,'Roman','Josi','1990-06-01','Bern','','CHE','CHE'),(391,'Tomas','Jurco','1992-12-28','Kosice','','SVK','SVK'),(392,'Nazem','Kadri','1990-10-06','London','ON','CAN','CAN'),(393,'Sergey','Kalinin','1991-03-17','Omsk','','RUS','RUS'),(394,'Steven','Kampfer','1988-09-24','Ann Arbor','MI','USA','USA'),(395,'Evander','Kane','1991-08-02','Vancouver','BC','CAN','CAN'),(396,'Patrick','Kane','1988-11-19','Buffalo','NY','USA','USA'),(397,'Kasperi','Kapanen','1996-07-23','Kuopio','','FIN','FIN'),(398,'Erik','Karlsson','1990-05-31','Landsbro','','SWE','SWE'),(399,'Melker','Karlsson','1990-07-18','Lycksele','','SWE','SWE'),(400,'William','Karlsson','1993-01-08','Marsta','','SWE','SWE'),(401,'Zack','Kassian','1991-01-24','Windsor','ON','CAN','CAN'),(402,'Bracken','Kearns','1981-05-12','North Vancouver','BC','CAN','CAN'),(403,'Duncan','Keith','1983-07-16','Winnipeg','MB','CAN','CAN'),(404,'Chris','Kelly','1980-11-11','Toronto','ON','CAN','CAN'),(405,'Joonas','Kemppainen','1988-04-07','Kajaani','','FIN','FIN'),(406,'Ronalds','Kenins','1991-02-28','Riga','','LVA','LVA'),(407,'Tyler','Kennedy','1986-07-15','Sault Ste. Marie','ON','CAN','CAN'),(408,'Michael','Keranen','1990-01-04','Stockholm','','SWE','FIN'),(409,'Tanner','Kero','1992-07-24','Hancock','MI','USA','USA'),(410,'Ryan','Kesler','1984-08-31','Livonia','MI','USA','USA'),(411,'Phil','Kessel','1987-10-02','Madison','WI','USA','USA'),(412,'Jujhar','Khaira','1994-08-13','Surrey','BC','CAN','CAN'),(413,'Alex','Khokhlachev','1993-09-09','Moscow','','RUS','RUS'),(414,'Alex','Killorn','1989-09-14','Halifax','NS','CAN','CAN'),(415,'Jakub','Kindl','1987-02-10','Sumperk','','CZE','CZE'),(416,'Dwight','King','1989-07-05','Meadow Lake','SK','CAN','CAN'),(417,'Oscar','Klefbom','1993-07-20','Karlstad','','SWE','SWE'),(418,'Kevin','Klein','1984-12-13','Kitchener','ON','CAN','CAN'),(419,'John','Klingberg','1992-08-14','Gothenburg','','SWE','SWE'),(420,'Rob','Klinkhammer','1986-08-12','Lethbridge','AB','CAN','CAN'),(421,'Corban','Knight','1990-09-10','Oliver','BC','CAN','CAN'),(422,'Slater','Koekkoek','1994-02-18','Winchester','ON','CAN','CAN'),(423,'Mikko','Koivu','1983-03-12','Turku','','FIN','FIN'),(424,'Leo','Komarov','1987-01-23','Narva','','EST','FIN'),(425,'Anze','Kopitar','1987-08-24','Jesenice','','SVN','SVN'),(426,'Lauri','Korpikoski','1986-07-28','Turku','','FIN','FIN'),(427,'Scott','Kosmachuk','1994-01-24','Richmond Hill','ON','CAN','CAN'),(428,'Michael','Kostka','1985-11-28','Etobicoke','ON','CAN','CAN'),(429,'Chris','Kreider','1991-04-30','Boxford','MA','USA','USA'),(430,'David','Krejci','1986-04-28','Sternberk','','CZE','CZE'),(431,'Niklas','Kronwall','1981-01-12','Stockholm','','SWE','SWE'),(432,'Torey','Krug','1991-04-12','Livonia','MI','USA','USA'),(433,'Marcus','Kruger','1990-05-27','Stockholm','','SWE','SWE'),(434,'Nikita','Kucherov','1993-06-17','Moscow','','RUS','RUS'),(435,'Tom','Kuhnhackl','1992-01-21','Landshut','','DEU','DEU'),(436,'Dean','Kukan','1993-07-08','Volketswil','','CHE',''),(437,'Brett','Kulak','1994-01-06','Edmonton','AB','CAN','CAN'),(438,'Nikolay','Kulemin','1986-07-14','Magnitogorsk','','RUS','RUS'),(439,'Dmitry','Kulikov','1990-10-29','Lipetsk','','RUS','RUS'),(440,'Chris','Kunitz','1979-09-26','Regina','SK','CAN','CAN'),(441,'Evgeny','Kuznetsov','1992-05-19','Chelyabinsk','','RUS','RUS'),(442,'Oliver','Kylington','1997-05-19','Stockholm','','SWE','SWE'),(443,'Andrew','Ladd','1985-12-12','Maple Ridge','BC','CAN','CAN'),(444,'Brooks','Laich','1983-06-23','Wawota','SK','CAN','CAN'),(445,'Anton','Lander','1991-04-24','Sundsvall','','SWE','SWE'),(446,'Gabriel','Landeskog','1992-11-23','Stockholm','','SWE','SWE'),(447,'Dylan','Larkin','1996-07-30','Waterford','MI','USA','USA'),(448,'Adam','Larsson','1992-11-12','Skellefte','','SWE','SWE'),(449,'Johan','Larsson','1992-07-25','Lau','','SWE','SWE'),(450,'Michael','Latta','1991-05-25','Kitchener','ON','CAN','CAN'),(451,'Scott','Laughton','1994-05-30','Oakville','ON','CAN','CAN'),(452,'Curtis','Lazar','1995-02-02','Salmon Arm','BC','CAN','CAN'),(453,'Vincent','Lecavalier','1980-04-21','Ile Bizard','QC','CAN','CAN'),(454,'Nick','Leddy','1991-03-20','Eden Prairie','MN','USA','USA'),(455,'Anders','Lee','1990-07-03','Edina','MN','USA','USA'),(456,'David','Legwand','1980-08-17','Detroit','MI','USA','USA'),(457,'Jori','Lehtera','1987-12-23','Helsinki','','FIN','FIN'),(458,'Taylor','Leier','1994-02-15','Saskatoon','SK','CAN','CAN'),(459,'Brendan','Leipsic','1994-05-19','Winnipeg','MB','CAN','CAN'),(460,'Josh','Leivo','1993-05-26','Innisfil','ON','CAN','CAN'),(461,'Bryan','Lerg','1986-01-20','Livonia','MI','USA','USA'),(462,'Brett','Lernout','1995-09-24','Winnipeg','MB','CAN','CAN'),(463,'Lucas','Lessio','1993-01-23','Maple','ON','CAN','CAN'),(464,'Kris','Letang','1987-04-24','Montreal','QC','CAN','CAN'),(465,'Mark','Letestu','1985-02-04','Elk Point','AB','CAN','CAN'),(466,'Trevor','Lewis','1987-01-08','Salt Lake City','UT','USA','USA'),(467,'John-Michael','Liles','1980-11-25','Indianapolis','IN','USA','USA'),(468,'Oscar','Lindberg','1991-10-29','Skellefte','','SWE','SWE'),(469,'Tobias','Lindberg','1995-07-22','Stockholm','','SWE','SWE'),(470,'Petteri','Lindbohm','1993-09-23','Helsinki','','FIN','FIN'),(471,'Esa','Lindell','1994-05-23','Vantaa','','FIN','FIN'),(472,'Elias','Lindholm','1994-12-02','Boden','','SWE','SWE'),(473,'Hampus','Lindholm','1994-01-20','Helsingborg','','SWE','SWE'),(474,'JC','Lipon','1993-07-10','Regina','SK','CAN','CAN'),(475,'Bryan','Little','1987-11-12','Edmonton','AB','CAN','CAN'),(476,'Viktor','Loov','1992-11-16','Sodertalje','','SWE','SWE'),(477,'Ben','Lovejoy','1984-02-20','Concord','NH','USA','USA'),(478,'Adam','Lowry','1993-03-29','St. Louis','MO','USA','USA'),(479,'Milan','Lucic','1988-06-07','Vancouver','BC','CAN','CAN'),(480,'Joffrey','Lupul','1983-09-23','Fort Saskatchewan','AB','CAN','CAN'),(481,'Olli','Maatta','1994-08-22','Jyvskyl','','FIN','FIN'),(482,'Clarke','MacArthur','1985-04-06','Lloydminster','AB','CAN','CAN'),(483,'Andrew','MacDonald','1986-09-07','Judique','NS','CAN','CAN'),(484,'Derek','MacKenzie','1981-06-11','Sudbury','ON','CAN','CAN'),(485,'Nathan','MacKinnon','1995-09-01','Halifax','NS','CAN','CAN'),(486,'Evgeni','Malkin','1986-07-31','Magnitogorsk','','RUS','RUS'),(487,'Brad','Malone','1989-05-20','Miramichi','NB','CAN','CAN'),(488,'Brandon','Manning','1990-06-04','Prince George','BC','CAN','CAN'),(489,'Josh','Manson','1991-10-07','Hinsdale','IL','USA','CAN'),(490,'Anthony','Mantha','1994-09-16','Longueuil','QC','CAN','CAN'),(491,'Brad','Marchand','1988-05-11','Halifax','NS','CAN','CAN'),(492,'Alexey','Marchenko','1992-01-02','Moscow','','RUS','RUS'),(493,'Jonathan','Marchessault','1990-12-27','Cap-Rouge','QC','CAN','CAN'),(494,'Martin','Marincin','1992-02-18','Kosice','','SVK','SVK'),(495,'Andrei','Markov','1978-12-20','Voskresensk','','RUS','RUS'),(496,'Patrick','Marleau','1979-09-15','Aneroid','SK','CAN','CAN'),(497,'Patrick','Maroon','1988-04-23','St. Louis','MO','USA','USA'),(498,'Matt','Martin','1989-05-08','Windsor','ON','CAN','CAN'),(499,'Paul','Martin','1981-03-05','Minneapolis','MN','USA','USA'),(500,'Alec','Martinez','1987-07-26','Rochester Hills','MI','USA','USA'),(501,'Jordan','Martinook','1992-07-25','Brandon','MB','CAN','CAN'),(502,'Andreas','Martinsen','1990-06-13','Brum','','NOR','NOR'),(503,'Brandon','Mashinter','1988-09-20','Bradford','ON','CAN','CAN'),(504,'Michael','Matheson','1994-02-27','Pointe-Claire','QC','CAN','CAN'),(505,'Stefan','Matteau','1994-02-23','Chicago','IL','USA','USA'),(506,'Shawn','Matthias','1988-02-19','Mississauga','ON','CAN','CAN'),(507,'Scott','Mayfield','1992-10-14','St. Louis','MO','USA','USA'),(508,'Jamie','McBain','1988-02-25','Edina','MN','USA','USA'),(509,'Jake','McCabe','1993-10-12','Eau Claire','WI','USA','USA'),(510,'Jared','McCann','1996-05-31','Stratford','ON','CAN','CAN'),(511,'Michael','McCarron','1995-03-07','Grosse Pointe','MI','USA','USA'),(512,'John','McCarthy','1986-08-09','Boston','MA','USA','USA'),(513,'Jay','McClement','1983-03-02','Kingston','ON','CAN','CAN'),(514,'Max','McCormick','1992-05-01','De Pere','WI','USA','USA'),(515,'Connor','McDavid','1997-01-13','Richmond Hill','ON','CAN','CAN'),(516,'Ryan','McDonagh','1989-06-13','St. Paul','MN','USA','USA'),(517,'Colin','McDonald','1984-09-30','Wethersfield','CT','USA','USA'),(518,'John','McFarland','1992-04-02','Richmond Hill','ON','CAN','CAN'),(519,'Brock','McGinn','1994-02-02','Fergus','ON','CAN','CAN'),(520,'Jamie','McGinn','1988-08-05','Fergus','ON','CAN','CAN'),(521,'Tye','McGinn','1990-07-29','Fergus','ON','CAN','CAN'),(522,'Dylan','McIlrath','1992-04-20','Winnipeg','MB','CAN','CAN'),(523,'Greg','McKegg','1992-06-17','St. Thomas','ON','CAN','CAN'),(524,'Curtis','McKenzie','1991-02-22','Golden','BC','CAN','CAN'),(525,'Cody','McLeod','1984-06-26','Binscarth','MB','CAN','CAN'),(526,'Brayden','McNabb','1991-01-21','Davidson','SK','CAN','CAN'),(527,'Mark','McNeill','1993-02-22','Langley','BC','CAN','CAN'),(528,'Adam','McQuaid','1986-10-12','Charlottetown','PE','CAN','CAN'),(529,'Evgeny','Medvedev','1982-08-27','Chelyabinsk','','RUS','RUS'),(530,'Jayson','Megna','1990-02-01','Fort Lauderdale','FL','USA','USA'),(531,'Julian','Melchiori','1991-12-06','Richmond Hill','ON','CAN','CAN'),(532,'Jon','Merrill','1992-02-03','Oklahoma City','OK','USA','USA'),(533,'Michael','Mersch','1992-10-02','Park Ridge','IL','USA','USA'),(534,'Marc','Methot','1985-06-21','Ottawa','ON','CAN','CAN'),(535,'Milan','Michalek','1984-12-07','Jindrichuv Hradec','','CZE','CZE'),(536,'Zbynek','Michalek','1982-12-23','Jindrichuv Hradec','','CZE','CZE'),(537,'Sonny','Milano','1996-05-12','Massapequa','NY','USA','USA'),(538,'Andrew','Miller','1988-09-18','Bloomfield Hills','MI','USA','USA'),(539,'Colin','Miller','1992-10-29','Sault Ste. Marie','ON','CAN','CAN'),(540,'Drew','Miller','1984-02-17','Dover','NJ','USA','USA'),(541,'J.T.','Miller','1993-03-14','East Palestine','OH','USA','USA'),(542,'Kevan','Miller','1987-11-15','Los Angeles','CA','USA','USA'),(543,'John','Mitchell','1985-01-22','Oakville','ON','CAN','CAN'),(544,'Torrey','Mitchell','1985-01-30','Greenfield Park','QC','CAN','CAN'),(545,'Willie','Mitchell','1977-04-23','Port McNeill','BC','CAN','CAN'),(546,'Travis','Moen','1982-04-06','Stewart Valley','SK','CAN','CAN'),(547,'Sean','Monahan','1994-10-12','Brampton','ON','CAN','CAN'),(548,'Dominic','Moore','1980-08-03','Thornhill','ON','CAN','CAN'),(549,'John','Moore','1990-11-19','Winnetka','IL','USA','USA'),(550,'Joshua','Morrissey','1995-03-28','Calgary','AB','CAN','CAN'),(551,'Joe','Morrow','1992-12-09','Edmonton','AB','CAN','CAN'),(552,'Kael','Mouillierat','1987-12-09','Edmonton','AB','CAN','CAN'),(553,'Matt','Moulson','1983-11-01','North York','ON','CAN','CAN'),(554,'Vojtech','Mozik','1992-12-26','Prague','','CZE','CZE'),(555,'Mirco','Mueller','1995-03-21','Winterthur','','CHE','CHE'),(556,'Connor','Murphy','1993-03-26','Dublin','OH','USA','USA'),(557,'Ryan','Murphy','1993-03-31','Aurora','ON','CAN','CAN'),(558,'Ryan','Murray','1993-09-27','Regina','SK','CAN','CAN'),(559,'Jake','Muzzin','1989-02-21','Woodstock','ON','CAN','CAN'),(560,'Tyler','Myers','1990-02-01','Houston','TX','USA','CAN'),(561,'Jakub','Nakladal','1987-12-30','Hradec Krlov','','CZE','CZE'),(562,'Vladislav','Namestnikov','1992-11-22','Zhukovskiy','','RUS','RUS'),(563,'Rick','Nash','1984-06-16','Brampton','ON','CAN','CAN'),(564,'Riley','Nash','1989-05-09','Consort','AB','CAN','CAN'),(565,'James','Neal','1987-09-03','Whitby','ON','CAN','CAN'),(566,'Chris','Neil','1979-06-18','Flesherton','ON','CAN','CAN'),(567,'Brock','Nelson','1991-10-15','Warroad','MN','USA','USA'),(568,'Casey','Nelson','1992-07-18','WISCONSIN RAPIDS','WI','USA','USA'),(569,'Patrik','Nemeth','1992-02-08','Stockholm','','SWE','SWE'),(570,'Aaron','Ness','1990-05-18','Roseau','MN','USA','USA'),(571,'Nikita','Nesterov','1993-03-28','Chelyabinsk','','RUS','RUS'),(572,'Andrej','Nestrasil','1991-02-22','Prague','','CZE','CZE'),(573,'Valeri','Nichushkin','1995-03-04','Chelyabinsk','','RUS','RUS'),(574,'Nino','Niederreiter','1992-09-08','Chur','','CHE','CHE'),(575,'Frans','Nielsen','1984-04-24','Herning','','DNK','DNK'),(576,'Matt','Nieto','1992-11-05','Long Beach','CA','USA','USA'),(577,'Nikita','Nikitin','1986-06-16','Omsk','','RUS','RUS'),(578,'Matt','Niskanen','1986-12-06','Virginia','MN','USA','USA'),(579,'Stefan','Noesen','1993-02-12','Plano','TX','USA','USA'),(580,'Jordan','Nolan','1989-06-23','Garden River, First Nations','ON','CAN','CAN'),(581,'Joakim','Nordstrom','1992-02-25','Stockholm','','SWE','SWE'),(582,'Tomas','Nosek','1992-09-01','Pardubice','','CZE','CZE'),(583,'Ryan','Nugent-Hopkins','1993-04-12','Burnaby','BC','CAN','CAN'),(584,'Darnell','Nurse','1995-02-04','Hamilton','ON','CAN','CAN'),(585,'William','Nylander','1996-05-01','Calgary','AB','CAN','CAN'),(586,'Gustav','Nyquist','1989-09-01','Halmstad','','SWE','SWE'),(587,'Eric','Nystrom','1983-02-14','Syosset','NY','USA','USA'),(588,'Jim','O\'Brien','1989-01-29','Maplewood','MN','USA','USA'),(589,'Brian','O\'Neill','1988-06-01','Yardley','PA','USA','USA'),(590,'Cal','O\'Reilly','1986-09-30','Toronto','ON','CAN','CAN'),(591,'Ryan','O\'Reilly','1991-02-07','Clinton','ON','CAN','CAN'),(592,'Johnny','Oduya','1981-10-01','Stockholm','','SWE','SWE'),(593,'Jordan','Oesterle','1992-06-25','Dearborn Heights','MI','USA','USA'),(594,'Kyle','Okposo','1988-04-16','St. Paul','MN','USA','USA'),(595,'Jamie','Oleksiak','1992-12-21','Toronto','ON','CAN','CAN'),(596,'Gustav','Olofsson','1994-12-01','Boras','','SWE','SWE'),(597,'Dylan','Olsen','1991-01-03','Salt Lake City','UT','USA','CAN'),(598,'Dmitry','Orlov','1991-07-23','Novokuznetsk','','RUS','RUS'),(599,'Brooks','Orpik','1980-09-26','San Francisco','CA','USA','USA'),(600,'T.J.','Oshie','1986-12-23','Everett','WA','USA','USA'),(601,'Steve','Ott','1982-08-19','Summerside','PE','CAN','CAN'),(602,'Xavier','Ouellet','1993-07-29','Bayonne','','FRA','FRA'),(603,'Alex','Ovechkin','1985-09-17','Moscow','','RUS','RUS'),(604,'Magnus','Paajarvi','1991-04-12','Norrkoping','','SWE','SWE'),(605,'Max','Pacioretty','1988-11-20','New Canaan','CT','USA','USA'),(606,'Jean-Gabriel','Pageau','1992-11-11','Ottawa','ON','CAN','CAN'),(607,'Daniel','Paille','1984-04-15','Welland','ON','CAN','CAN'),(608,'Iiro','Pakarinen','1991-08-25','Loviisa','','FIN','FIN'),(609,'Ondrej','Palat','1991-03-28','Frydek-Mistek','','CZE','CZE'),(610,'Michael','Paliotta','1993-04-06','Westport','CT','USA','USA'),(611,'Kyle','Palmieri','1991-02-01','Smithtown','NY','USA','USA'),(612,'Artemi','Panarin','1991-10-30','Korkino','','RUS','RUS'),(613,'Richard','Panik','1991-02-07','Martin','','SVK','SVK'),(614,'Cedric','Paquette','1993-08-13','Gaspe','QC','CAN','CAN'),(615,'Colton','Parayko','1993-05-12','St. Albert','AB','CAN','CAN'),(616,'Adam','Pardy','1984-03-29','Bonavista','NL','CAN','CAN'),(617,'Pierre-Alexandre','Parenteau','1983-03-24','Hull','QC','CAN','CAN'),(618,'Zach','Parise','1984-07-28','Minneapolis','MN','USA','USA'),(619,'David','Pastrnak','1996-05-25','Havirov','','CZE','CZE'),(620,'Greg','Pateryn','1990-06-20','Sterling Heights','MI','USA','USA'),(621,'Nick','Paul','1995-03-20','Mississauga','ON','CAN','CAN'),(622,'Joe','Pavelski','1984-07-11','Plover','WI','USA','USA'),(623,'Tanner','Pearson','1992-08-10','Kitchener','ON','CAN','CAN'),(624,'Andrey','Pedan','1993-07-03','Kaunas','','LTU','LTU'),(625,'Adam','Pelech','1994-08-16','Toronto','ON','CAN','CAN'),(626,'Anthony','Peluso','1989-04-18','North York','ON','CAN','CAN'),(627,'Stuart','Percy','1993-05-18','Oakville','ON','CAN','CAN'),(628,'Mathieu','Perreault','1988-01-05','Drummondville','QC','CAN','CAN'),(629,'David','Perron','1988-05-28','Sherbrooke','QC','CAN','CAN'),(630,'Corey','Perry','1985-05-16','Peterborough','ON','CAN','CAN'),(631,'Brett','Pesce','1994-11-15','Tarrytown','NY','USA','USA'),(632,'Nic','Petan','1995-03-22','Delta','BC','CAN','CAN'),(633,'Alex','Petrovic','1992-03-03','Edmonton','AB','CAN','CAN'),(634,'Jeff','Petry','1987-12-09','Ann Arbor','MI','USA','USA'),(635,'Dion','Phaneuf','1985-04-10','Edmonton','AB','CAN','CAN'),(636,'Blake','Pietila','1993-02-20','Milford','MI','USA','USA'),(637,'Alex','Pietrangelo','1990-01-18','King City','ON','CAN','CAN'),(638,'Brandon','Pirri','1991-04-10','Toronto','ON','CAN','CAN'),(639,'Tomas','Plekanec','1982-10-31','Kladno','','CZE','CZE'),(640,'Sergei','Plotnikov','1990-06-03','KOMSOMOLSK','','RUS','RUS'),(641,'Emile','Poirier','1994-12-14','Montreal','QC','CAN','CAN'),(642,'Roman','Polak','1986-04-28','Ostrava','','CZE','CZE'),(643,'Jason','Pominville','1982-11-30','Repentigny','QC','CAN','USA'),(644,'Chris','Porter','1984-05-29','Toronto','ON','CAN','CAN'),(645,'Kevin','Porter','1986-03-12','Detroit','MI','USA','USA'),(646,'Paul','Postma','1989-02-22','Red Deer','AB','CAN','CAN'),(647,'Corey','Potter','1984-01-05','Lansing','MI','USA','USA'),(648,'Benoit','Pouliot','1986-09-29','Alfred','ON','CAN','CAN'),(649,'Derrick','Pouliot','1994-01-16','Estevan','SK','CAN','CAN'),(650,'Shane','Prince','1992-11-16','Rochester','NY','USA','USA'),(651,'Nate','Prosser','1986-05-07','Elk River','MN','USA','USA'),(652,'Dalton','Prout','1990-03-13','Kingsville','ON','CAN','CAN'),(653,'Brandon','Prust','1984-03-16','London','ON','CAN','CAN'),(654,'Matt','Puempel','1993-01-24','Windsor','ON','CAN','CAN'),(655,'Teemu','Pulkkinen','1992-01-02','Vantaa','','FIN','FIN'),(656,'Ryan','Pulock','1994-10-06','Dauphin','MB','CAN','CAN'),(657,'Teddy','Purcell','1985-09-08','St. John\'s','NL','CAN','CAN'),(658,'Mark','Pysyk','1992-01-11','Sherwood Park','AB','CAN','CAN'),(659,'Kyle','Quincey','1985-08-12','Kitchener','ON','CAN','CAN'),(660,'Alan','Quine','1993-02-25','Belleville','ON','CAN','CAN'),(661,'Michael','Raffl','1988-12-01','Villach','','AUT','AUT'),(662,'Rickard','Rakell','1993-05-05','Sundbyberg','','SWE','SWE'),(663,'John','Ramage','1991-02-07','Mississauga','ON','CAN','CAN'),(664,'Tyler','Randell','1991-06-15','Scarborough','ON','CAN','CAN'),(665,'Mikko','Rantanen','1996-10-29','Nousiainen','','FIN','FIN'),(666,'Victor','Rask','1993-03-01','Leksand','','SWE','SWE'),(667,'Dennis','Rasmussen','1990-07-03','Vasteras','','SWE','SWE'),(668,'Ty','Rattie','1993-02-05','Calgary','AB','CAN','CAN'),(669,'Kyle','Rau','1992-10-24','Eden Prairie','MN','USA','USA'),(670,'Mason','Raymond','1985-09-17','Cochrane','AB','CAN','CAN'),(671,'Matt','Read','1986-06-14','Ilderton','ON','CAN','CAN'),(672,'Ryan','Reaves','1987-01-20','Winnipeg','MB','CAN','CAN'),(673,'Zach','Redmond','1988-07-26','Traverse City','MI','USA','USA'),(674,'Brent','Regner','1989-05-17','Westlock','AB','CAN','CAN'),(675,'Mike','Reilly','1993-07-13','Chicago','IL','USA','USA'),(676,'Griffin','Reinhart','1994-01-24','North Vancouver','BC','CAN','CAN'),(677,'Sam','Reinhart','1995-11-06','West Vancouver','BC','CAN','CAN'),(678,'Borna','Rendulic','1992-03-25','Zagreb','','HRV','HRV'),(679,'Mike','Ribeiro','1980-02-10','Montreal','QC','CAN','CAN'),(680,'Brad','Richards','1980-05-02','Murray Hbr.','PE','CAN','CAN'),(681,'Mike','Richards','1985-02-11','Kenora','ON','CAN','CAN'),(682,'Brad','Richardson','1985-02-04','Belleville','ON','CAN','CAN'),(683,'Tobias','Rieder','1993-01-10','Landshut','','DEU','DEU'),(684,'Morgan','Rielly','1994-03-09','Vancouver','BC','CAN','CAN'),(685,'Zac','Rinaldo','1990-06-15','Mississauga','ON','CAN','CAN'),(686,'Rasmus','Ristolainen','1994-10-27','Turku','','FIN','FIN'),(687,'Brett','Ritchie','1993-07-01','Orangeville','ON','CAN','CAN'),(688,'Nick','Ritchie','1995-12-05','Orangeville','ON','CAN','CAN'),(689,'Buddy','Robinson','1991-09-30','Bellmawr','NJ','USA','USA'),(690,'Evan','Rodrigues','1993-07-28','Toronto','ON','CAN','CAN'),(691,'Antoine','Roussel','1989-11-21','Roubaix','','FRA','FRA'),(692,'Michal','Rozsival','1978-09-03','Vlasim','','CZE','CZE'),(693,'Chad','Ruhwedel','1990-05-07','San Diego','CA','USA','USA'),(694,'David','Rundblad','1990-10-08','Lycksele','','SWE','SWE'),(695,'Kris','Russell','1987-05-02','Caroline','AB','CAN','CAN'),(696,'Bryan','Rust','1992-05-11','Pontiac','MI','USA','USA'),(697,'Tuomo','Ruutu','1983-02-16','Vantaa','','FIN','FIN'),(698,'Bobby','Ryan','1987-03-17','Cherry Hill','NJ','USA','USA'),(699,'Derek','Ryan','1986-12-29','Spokane','WA','USA',''),(700,'Kerby','Rychel','1994-10-07','Torrance','CA','USA','CAN'),(701,'Brandon','Saad','1992-10-27','Pittsburgh','PA','USA','USA'),(702,'Miikka','Salomaki','1993-03-09','Raahe','','FIN','FIN'),(703,'Philip','Samuelsson','1991-07-26','Leksand','','SWE','SWE'),(704,'Steven','Santini','1995-03-07','Bronxville','NY','USA','USA'),(705,'Mike','Santorelli','1985-12-14','Vancouver','BC','CAN','CAN'),(706,'David','Savard','1990-10-22','St. Hyacinthe','QC','CAN','CAN'),(707,'Luca','Sbisa','1990-01-30','Ozieri','','ITA','CHE'),(708,'Marco','Scandella','1990-02-23','Montreal','QC','CAN','CAN'),(709,'Colton','Sceviour','1989-04-20','Red Deer','AB','CAN','CAN'),(710,'Tim','Schaller','1990-11-16','Merrimack','NH','USA','USA'),(711,'Mark','Scheifele','1993-03-15','Kitchener','ON','CAN','CAN'),(712,'Brayden','Schenn','1991-08-22','Saskatoon','SK','CAN','CAN'),(713,'Luke','Schenn','1989-11-02','Saskatoon','SK','CAN','CAN'),(714,'David','Schlemko','1987-05-07','Edmonton','AB','CAN','CAN'),(715,'Nate','Schmidt','1991-07-16','St. Cloud','MN','USA','USA'),(716,'Cole','Schneider','1990-08-26','Williamsville','NY','USA','USA'),(717,'Jordan','Schroeder','1990-09-29','Lakeville','MN','USA','USA'),(718,'Jeff','Schultz','1986-02-25','Calgary','AB','CAN','CAN'),(719,'Justin','Schultz','1990-07-06','Kelowna','BC','CAN','CAN'),(720,'Nick','Schultz','1982-08-25','Strasbourg','SK','CAN','CAN'),(721,'Jaden','Schwartz','1992-06-25','Wilcox','SK','CAN','CAN'),(722,'John','Scott','1982-09-26','Edmonton','AB','CAN','CAN'),(723,'Rob','Scuderi','1978-12-30','Syosset','NY','USA','USA'),(724,'Brent','Seabrook','1985-04-20','Richmond','BC','CAN','CAN'),(725,'Daniel','Sedin','1980-09-26','Ornskoldsvik','','SWE','SWE'),(726,'Henrik','Sedin','1980-09-26','Ornskoldsvik','','SWE','SWE'),(727,'Tyler','Seguin','1992-01-31','Brampton','ON','CAN','CAN'),(728,'Dennis','Seidenberg','1981-07-18','Schwenningen','','DEU','DEU'),(729,'Jiri','Sekac','1992-06-10','Kladno','','CZE','CZE'),(730,'Andrej','Sekera','1986-06-08','Bojnice','','SVK','SVK'),(731,'Eric','Selleck','1987-10-20','Brockville','ON','CAN','CAN'),(732,'Alexander','Semin','1984-03-03','Krasnojarsk','','RUS','RUS'),(733,'Tom','Sestito','1987-09-28','Rome','NY','USA','USA'),(734,'Damon','Severson','1994-08-07','Melville','SK','CAN','CAN'),(735,'Michael','Sgarbossa','1992-07-25','Campbellville','ON','CAN','CAN'),(736,'Patrick','Sharp','1981-12-27','Winnipeg','MB','CAN','CAN'),(737,'Kevin','Shattenkirk','1989-01-29','New Rochelle','NY','USA','USA'),(738,'Andrew','Shaw','1991-07-20','Belleville','ON','CAN','CAN'),(739,'Logan','Shaw','1992-10-05','Glace Bay','NS','CAN','CAN'),(740,'Riley','Sheahan','1991-12-07','St. Catharines','ON','CAN','CAN'),(741,'Conor','Sheary','1992-08-06','Winchester','MA','USA','USA'),(742,'Hunter','Shinkaruk','1994-10-13','Calgary','AB','CAN','CAN'),(743,'Devin','Shore','1994-07-19','Ajax','ON','CAN','CAN'),(744,'Drew','Shore','1991-01-29','Denver','CO','USA','USA'),(745,'Nick','Shore','1992-09-26','Denver','CO','USA','USA'),(746,'Patrick','Sieloff','1994-05-15','Ann Arbor','MI','USA','USA'),(747,'Jakob','Silfverberg','1990-10-13','Gvle','','SWE','SWE'),(748,'Zach','Sill','1988-05-24','Truro','NS','CAN','CAN'),(749,'Wayne','Simmonds','1988-08-26','Scarborough','ON','CAN','CAN'),(750,'Dominik','Simon','1994-08-08','Prague','','CZE','CZE'),(751,'Mike','Sislo','1988-01-20','Superior','WI','USA','USA'),(752,'Colton','Sissons','1993-11-05','North Vancouver','BC','CAN','CAN'),(753,'Jack','Skille','1987-05-19','Madison','WI','USA','USA'),(754,'Jeff','Skinner','1992-05-16','Toronto','ON','CAN','CAN'),(755,'Brady','Skjei','1994-03-26','Lakeville','MN','USA','USA'),(756,'Jaccob','Slavin','1994-05-01','Denver','CO','USA','USA'),(757,'Anton','Slepyshev','1994-05-13','Penza','','RUS','RUS'),(758,'Ladislav','Smid','1986-02-01','Frydlant','','CZE','CZE'),(759,'Ben','Smith','1988-07-11','Winston-Salem','NC','USA','USA'),(760,'Brendan','Smith','1989-02-08','Mimico','ON','CAN','CAN'),(761,'Craig','Smith','1989-09-05','Madison','WI','USA','USA'),(762,'Reilly','Smith','1991-04-01','Toronto','ON','CAN','CAN'),(763,'Zack','Smith','1988-04-05','Maple Creek','SK','CAN','CAN'),(764,'Devante','Smith-Pelly','1992-06-14','Scarborough','ON','CAN','CAN'),(765,'Carl','Soderberg','1985-10-12','Malm','','SWE','SWE'),(766,'Nikita','Soshnikov','1993-10-14','Nizhny Tagil','','RUS','RUS'),(767,'Nick','Spaling','1988-09-19','Palmerston','ON','CAN','CAN'),(768,'Jason','Spezza','1983-06-13','Toronto','ON','CAN','CAN'),(769,'Ryan','Spooner','1992-01-30','Ottawa','ON','CAN','CAN'),(770,'Daniel','Sprong','1997-03-17','Amsterdam','','NLD','NLD'),(771,'Jared','Spurgeon','1989-11-29','Edmonton','AB','CAN','CAN'),(772,'Eric','Staal','1984-10-29','Thunder Bay','ON','CAN','CAN'),(773,'Jordan','Staal','1988-09-10','Thunder Bay','ON','CAN','CAN'),(774,'Marc','Staal','1987-01-13','Thunder Bay','ON','CAN','CAN'),(775,'Drew','Stafford','1985-10-30','Milwaukee','WI','USA','USA'),(776,'Matt','Stajan','1983-12-19','Mississauga','ON','CAN','CAN'),(777,'Viktor','Stalberg','1986-01-17','Gothenburg','','SWE','SWE'),(778,'Steven','Stamkos','1990-02-07','Markham','ON','CAN','CAN'),(779,'Ryan','Stanton','1989-07-20','St. Albert','AB','CAN','CAN'),(780,'Paul','Stastny','1985-12-27','Quebec City','QC','CAN','USA'),(781,'Alexander','Steen','1984-03-01','Winnipeg','MB','CAN','SWE'),(782,'Lee','Stempniak','1983-02-04','West Seneca','NY','USA','USA'),(783,'Derek','Stepan','1990-06-18','Hastings','MN','USA','USA'),(784,'Chandler','Stephenson','1994-04-22','Saskatoon','SK','CAN','CAN'),(785,'Chris','Stewart','1987-10-30','Toronto','ON','CAN','CAN'),(786,'Jarret','Stoll','1982-06-24','Melville','SK','CAN','CAN'),(787,'Mark','Stone','1992-05-13','Winnipeg','MB','CAN','CAN'),(788,'Michael','Stone','1990-06-07','Winnipeg','MB','CAN','CAN'),(789,'Clayton','Stoner','1985-02-19','Port McNeill','BC','CAN','CAN'),(790,'Tyson','Strachan','1984-10-30','Melfort','SK','CAN','CAN'),(791,'Brian','Strait','1988-01-04','Waltham','MA','USA','USA'),(792,'Anton','Stralman','1986-08-01','Tibro','','SWE','SWE'),(793,'Ben','Street','1987-02-13','Coquitlam','BC','CAN','CAN'),(794,'Mark','Streit','1977-12-11','Bern','','CHE','CHE'),(795,'Ryan','Strome','1993-07-11','Mississauga','ON','CAN','CAN'),(796,'Brad','Stuart','1979-11-06','Rocky Mountain House','AB','CAN','CAN'),(797,'Mark','Stuart','1984-04-27','Rochester','MN','USA','USA'),(798,'P.K.','Subban','1989-05-13','Toronto','ON','CAN','CAN'),(799,'Chris','Summers','1988-02-05','Ann Arbor','MI','USA','USA'),(800,'Oskar','Sundqvist','1994-03-23','Boden','','SWE','SWE'),(801,'Andrej','Sustr','1990-11-29','Plzen','','CZE','CZE'),(802,'Ryan','Suter','1985-01-21','Madison','WI','USA','USA'),(803,'Brandon','Sutter','1989-02-14','Huntington','NY','USA','CAN'),(804,'Brody','Sutter','1991-09-26','Viking','AB','CAN','CAN'),(805,'Viktor','Svedberg','1991-05-24','Gothenburg','','SWE','SWE'),(806,'Max','Talbot','1984-02-11','LeMoyne','QC','CAN','CAN'),(807,'Brandon','Tanev','1991-12-31','TORONTO','ON','CAN','CAN'),(808,'Christopher','Tanev','1989-12-20','Toronto','ON','CAN','CAN'),(809,'Eric','Tangradi','1989-02-10','Philadelphia','PA','USA','USA'),(810,'Alex','Tanguay','1979-11-21','Ste-Justine','QC','CAN','CAN'),(811,'Matt','Taormina','1986-10-20','Warren','MI','USA','USA'),(812,'Vladimir','Tarasenko','1991-12-13','Yaroslavl','','RUS','RUS'),(813,'Tomas','Tatar','1990-12-01','Ilava','','SVK','SVK'),(814,'John','Tavares','1990-09-20','Mississauga','ON','CAN','CAN'),(815,'Matt','Tennyson','1990-04-23','Minneapolis','MN','USA','USA'),(816,'Teuvo','Teravainen','1994-09-11','Helsinki','','FIN','FIN'),(817,'Chris','Terry','1989-04-07','Brampton','ON','CAN','CAN'),(818,'Shea','Theodore','1995-08-03','Langley','BC','CAN','CAN'),(819,'Christian','Thomas','1992-05-26','Toronto','ON','CAN','CAN'),(820,'Nate','Thompson','1984-10-05','Anchorage','AK','USA','USA'),(821,'Paul','Thompson','1988-11-30','Methuen','NH','USA','USA'),(822,'Chris','Thorburn','1983-06-03','Sault Ste. Marie','ON','CAN','CAN'),(823,'Joe','Thornton','1979-07-02','London','ON','CAN','CAN'),(824,'Shawn','Thornton','1977-07-23','Oshawa','ON','CAN','CAN'),(825,'Chris','Tierney','1994-07-01','Keswick','ON','CAN','CAN'),(826,'Viktor','Tikhonov','1988-05-12','Riga','','LVA','RUS'),(827,'Jarred','Tinordi','1992-02-20','Burnsville','MN','USA','USA'),(828,'Jiri','Tlusty','1988-03-16','Slany','','CZE','CZE'),(829,'Jonathan','Toews','1988-04-29','Winnipeg','MB','CAN','CAN'),(830,'Tyler','Toffoli','1992-04-24','Scarborough','ON','CAN','CAN'),(831,'Sergey','Tolchinsky','1995-02-03','Moscow','','RUS','RUS'),(832,'Jordin','Tootoo','1983-02-02','Churchill','MB','CAN','CAN'),(833,'Vincent','Trocheck','1993-07-11','Pittsburgh','PA','USA','USA'),(834,'Zach','Trotman','1990-08-26','Carmel','IN','USA','USA'),(835,'Jacob','Trouba','1994-02-26','Rochester','MI','USA','USA'),(836,'Nikita','Tryamkin','1994-08-30','Yekaterinbug','','RUS','RUS'),(837,'Kyle','Turris','1989-08-14','New Westminster','BC','CAN','CAN'),(838,'Fedor','Tyutin','1983-07-19','Izhevsk','','RUS','RUS'),(839,'R.J.','Umberger','1982-05-03','Pittsburgh','PA','USA','USA'),(840,'Scottie','Upshall','1983-10-07','Fort McMurray','AB','CAN','CAN'),(841,'Rinat','Valiev','1995-05-11','Nizhnekamsk','','ROU','RUS'),(842,'James','van Riemsdyk','1989-05-04','Middletown','NJ','USA','USA'),(843,'Trevor','van Riemsdyk','1991-07-24','Middletown','NJ','USA','USA'),(844,'Chris','VandeVelde','1987-03-15','Moorhead','MN','USA','USA'),(845,'Thomas','Vanek','1984-01-19','Vienna','','AUT','AUT'),(846,'Phil','Varone','1990-12-04','Vaughan','ON','CAN','CAN'),(847,'Sami','Vatanen','1991-06-03','Jyvskyl','','FIN','FIN'),(848,'Frank','Vatrano','1994-03-14','East Longmeadow','MA','USA','USA'),(849,'Antoine','Vermette','1982-07-20','St. Agapit','QC','CAN','CAN'),(850,'Joel','Vermin','1992-02-05','Bern','','CHE','CHE'),(851,'Kris','Versteeg','1986-05-13','Lethbridge','AB','CAN','CAN'),(852,'Linden','Vey','1991-07-17','Wakaw','SK','CAN','CAN'),(853,'Jake','Virtanen','1996-08-17','New Westminster','BC','CAN','CAN'),(854,'Joe','Vitale','1985-08-20','St. Louis','MO','USA','USA'),(855,'Marc-Edouard','Vlasic','1987-03-30','Montreal','QC','CAN','CAN'),(856,'Jakub','Voracek','1989-08-15','Kladno','','CZE','CZE'),(857,'Radim','Vrbata','1981-06-13','Mlada Boleslav','','CZE','CZE'),(858,'Chris','Wagner','1991-05-27','Walpole','MA','USA','USA'),(859,'Joel','Ward','1980-12-02','North York','ON','CAN','CAN'),(860,'David','Warsofsky','1990-05-30','Marshfield','MA','USA','USA'),(861,'Austin','Watson','1992-01-13','Ann Arbor','MI','USA','USA'),(862,'Jordan','Weal','1992-04-15','North Vancouver','BC','CAN','CAN'),(863,'Mike','Weber','1987-12-16','Pittsburgh','PA','USA','USA'),(864,'Shea','Weber','1985-08-14','Sicamous','BC','CAN','CAN'),(865,'Yannick','Weber','1988-09-23','Morges','','CHE','CHE'),(866,'Dale','Weise','1988-08-05','Winnipeg','MB','CAN','CAN'),(867,'Jeremy','Welsh','1988-04-30','Bayfield','ON','CAN','CAN'),(868,'Alexander','Wennberg','1994-09-22','Stockholm','','SWE','SWE'),(869,'Blake','Wheeler','1986-08-31','Plymouth','MN','USA','USA'),(870,'Ryan','White','1988-03-17','Brandon','MB','CAN','CAN'),(871,'Chris','Wideman','1990-01-07','St. Louis','MO','USA','USA'),(872,'Dennis','Wideman','1983-03-20','Kitchener','ON','CAN','CAN'),(873,'Patrick','Wiercioch','1990-09-12','Burnaby','BC','CAN','CAN'),(874,'Justin','Williams','1981-10-04','Cobourg','ON','CAN','CAN'),(875,'Colin','Wilson','1989-10-20','Greenwich','CT','USA','USA'),(876,'Garrett','Wilson','1991-03-16','Barrie','ON','CAN','CAN'),(877,'Scott','Wilson','1992-04-24','Oakville','ON','CAN','CAN'),(878,'Tom','Wilson','1994-03-29','Toronto','ON','CAN','CAN'),(879,'Tommy','Wingels','1988-04-12','Evanston','IL','USA','USA'),(880,'Daniel','Winnik','1985-03-06','Toronto','ON','CAN','CAN'),(881,'James','Wisniewski','1984-02-21','Canton','MI','USA','USA'),(882,'Luke','Witkowski','1990-04-14','Holland','MI','USA','USA'),(883,'Miles','Wood','1995-09-13','Buffalo','NY','USA','USA'),(884,'Brendan','Woods','1992-06-11','Humboldt','SK','CAN','CAN'),(885,'Tyler','Wotherspoon','1993-03-12','Burnaby','BC','CAN','CAN'),(886,'Nail','Yakupov','1993-10-06','Nizhnekamsk','','RUS','RUS'),(887,'Keith','Yandle','1986-09-09','Boston','MA','USA','USA'),(888,'Pavel','Zacha','1997-04-06','Brno','','CZE','CZE'),(889,'Nikita','Zadorov','1995-04-16','Moscow','','RUS','RUS'),(890,'Travis','Zajac','1985-05-13','Winnipeg','MB','CAN','CAN'),(891,'Michael','Zalewski','1992-08-18','New Hartford','NY','USA','USA'),(892,'Henrik','Zetterberg','1980-10-09','Njurunda','','SWE','SWE'),(893,'Mika','Zibanejad','1993-04-18','Huddinge','','SWE','SWE'),(894,'Marek','Zidlicky','1977-02-03','Most','','CZE','CZE'),(895,'Harry','Zolnierczyk','1987-09-01','Toronto','ON','CAN','CAN'),(896,'Dainius','Zubrus','1978-06-16','Elektrenai','','LTU','LTU'),(897,'Mats','Zuccarello','1987-09-01','Oslo','','NOR','NOR'),(898,'Jason','Zucker','1992-01-16','Newport Beach','CA','USA','USA');
/*!40000 ALTER TABLE `players` ENABLE KEYS */;
UNLOCK TABLES;
/*!40103 SET TIME_ZONE=@OLD_TIME_ZONE */;

/*!40101 SET SQL_MODE=@OLD_SQL_MODE */;
/*!40014 SET FOREIGN_KEY_CHECKS=@OLD_FOREIGN_KEY_CHECKS */;
/*!40014 SET UNIQUE_CHECKS=@OLD_UNIQUE_CHECKS */;
/*!40101 SET CHARACTER_SET_CLIENT=@OLD_CHARACTER_SET_CLIENT */;
/*!40101 SET CHARACTER_SET_RESULTS=@OLD_CHARACTER_SET_RESULTS */;
/*!40101 SET COLLATION_CONNECTION=@OLD_COLLATION_CONNECTION */;
/*!40111 SET SQL_NOTES=@OLD_SQL_NOTES */;

-- Dump completed on 2016-05-10 14:29:44
